file,line,type,commit,author,date,time,timezone,datetime,depth,length
style.css,1,css,56599a67,Isabella Jiang,2026-04-14,16:05:22,-07:00,2026-04-14T16:05:22-07:00,0,5
style.css,2,css,d607ef7e,Isabella Jiang,2026-04-14,15:48:27,-07:00,2026-04-14T15:48:27-07:00,2,22
style.css,3,css,1f7c8a84,Isabella Jiang,2026-04-07,14:44:27,-07:00,2026-04-07T14:44:27-07:00,0,0
style.css,4,css,1f7c8a84,Isabella Jiang,2026-04-07,14:44:27,-07:00,2026-04-07T14:44:27-07:00,0,0
style.css,5,css,1f7c8a84,Isabella Jiang,2026-04-07,14:44:27,-07:00,2026-04-07T14:44:27-07:00,0,4
style.css,6,css,1f7c8a84,Isabella Jiang,2026-04-07,14:44:27,-07:00,2026-04-07T14:44:27-07:00,2,32
style.css,7,css,1f7c8a84,Isabella Jiang,2026-04-07,14:44:27,-07:00,2026-04-07T14:44:27-07:00,0,0
style.css,8,css,1f7c8a84,Isabella Jiang,2026-04-07,14:44:27,-07:00,2026-04-07T14:44:27-07:00,0,0
style.css,9,css,d607ef7e,Isabella Jiang,2026-04-14,15:48:27,-07:00,2026-04-14T15:48:27-07:00,0,4
style.css,10,css,c750bf50,Isabella Jiang,2026-04-01,19:45:45,-07:00,2026-04-01T19:45:45-07:00,2,23
style.css,11,css,8b9e66ae,Isabella Jiang,2026-04-07,14:47:59,-07:00,2026-04-07T14:47:59-07:00,2,15
style.css,12,css,8b9e66ae,Isabella Jiang,2026-04-07,14:47:59,-07:00,2026-04-07T14:47:59-07:00,2,18
style.css,13,css,8b9e66ae,Isabella Jiang,2026-04-07,14:47:59,-07:00,2026-04-07T14:47:59-07:00,2,11
style.css,14,css,9d9c6d93,Isabella Jiang,2026-04-14,16:09:04,-07:00,2026-04-14T16:09:04-07:00,2,16
style.css,15,css,c164f51e,Isabella Jiang,2026-04-14,16:02:46,-07:00,2026-04-14T16:02:46-07:00,0,0
style.css,16,css,c164f51e,Isabella Jiang,2026-04-14,16:02:46,-07:00,2026-04-14T16:02:46-07:00,0,0
style.css,17,css,d05e5a01,Isabella Jiang,2026-04-14,16:23:21,-07:00,2026-04-14T16:23:21-07:00,0,3
style.css,18,css,d05e5a01,Isabella Jiang,2026-04-14,16:23:21,-07:00,2026-04-14T16:23:21-07:00,2,12
style.css,19,css,d05e5a01,Isabella Jiang,2026-04-14,16:23:21,-07:00,2026-04-14T16:23:21-07:00,2,18
style.css,20,css,d05e5a01,Isabella Jiang,2026-04-14,16:23:21,-07:00,2026-04-14T16:23:21-07:00,2,18
style.css,21,css,d05e5a01,Isabella Jiang,2026-04-14,16:23:21,-07:00,2026-04-14T16:23:21-07:00,2,14
style.css,22,css,d05e5a01,Isabella Jiang,2026-04-14,16:23:21,-07:00,2026-04-14T16:23:21-07:00,0,0
style.css,23,css,d05e5a01,Isabella Jiang,2026-04-14,16:23:21,-07:00,2026-04-14T16:23:21-07:00,0,0
style.css,24,css,d05e5a01,Isabella Jiang,2026-04-14,16:23:21,-07:00,2026-04-14T16:23:21-07:00,0,5
style.css,25,css,d05e5a01,Isabella Jiang,2026-04-14,16:23:21,-07:00,2026-04-14T16:23:21-07:00,2,6
style.css,26,css,d05e5a01,Isabella Jiang,2026-04-14,16:23:21,-07:00,2026-04-14T16:23:21-07:00,2,20
style.css,27,css,d05e5a01,Isabella Jiang,2026-04-14,16:23:21,-07:00,2026-04-14T16:23:21-07:00,2,17
style.css,28,css,d05e5a01,Isabella Jiang,2026-04-14,16:23:21,-07:00,2026-04-14T16:23:21-07:00,2,13
style.css,29,css,d05e5a01,Isabella Jiang,2026-04-14,16:23:21,-07:00,2026-04-14T16:23:21-07:00,2,18
style.css,30,css,d05e5a01,Isabella Jiang,2026-04-14,16:23:21,-07:00,2026-04-14T16:23:21-07:00,2,19
style.css,31,css,d05e5a01,Isabella Jiang,2026-04-14,16:23:21,-07:00,2026-04-14T16:23:21-07:00,0,0
style.css,32,css,d05e5a01,Isabella Jiang,2026-04-14,16:23:21,-07:00,2026-04-14T16:23:21-07:00,0,0
style.css,33,css,c164f51e,Isabella Jiang,2026-04-14,16:02:46,-07:00,2026-04-14T16:02:46-07:00,0,13
style.css,34,css,d05e5a01,Isabella Jiang,2026-04-14,16:23:21,-07:00,2026-04-14T16:23:21-07:00,2,14
style.css,35,css,56599a67,Isabella Jiang,2026-04-14,16:05:22,-07:00,2026-04-14T16:05:22-07:00,2,10
style.css,36,css,13d68b88,Isabella Jiang,2026-04-14,16:49:46,-07:00,2026-04-14T16:49:46-07:00,2,10
style.css,37,css,13688ace,Isabella Jiang,2026-04-14,16:19:28,-07:00,2026-04-14T16:19:28-07:00,2,12
style.css,38,css,c164f51e,Isabella Jiang,2026-04-14,16:02:46,-07:00,2026-04-14T16:02:46-07:00,2,13
style.css,39,css,c164f51e,Isabella Jiang,2026-04-14,16:02:46,-07:00,2026-04-14T16:02:46-07:00,2,19
style.css,40,css,c164f51e,Isabella Jiang,2026-04-14,16:02:46,-07:00,2026-04-14T16:02:46-07:00,2,21
style.css,41,css,c164f51e,Isabella Jiang,2026-04-14,16:02:46,-07:00,2026-04-14T16:02:46-07:00,2,18
style.css,42,css,c164f51e,Isabella Jiang,2026-04-14,16:02:46,-07:00,2026-04-14T16:02:46-07:00,2,25
style.css,43,css,c164f51e,Isabella Jiang,2026-04-14,16:02:46,-07:00,2026-04-14T16:02:46-07:00,0,0
style.css,44,css,c164f51e,Isabella Jiang,2026-04-14,16:02:46,-07:00,2026-04-14T16:02:46-07:00,0,0
style.css,45,css,c164f51e,Isabella Jiang,2026-04-14,16:02:46,-07:00,2026-04-14T16:02:46-07:00,0,20
style.css,46,css,c164f51e,Isabella Jiang,2026-04-14,16:02:46,-07:00,2026-04-14T16:02:46-07:00,2,21
style.css,47,css,c164f51e,Isabella Jiang,2026-04-14,16:02:46,-07:00,2026-04-14T16:02:46-07:00,2,18
style.css,48,css,c164f51e,Isabella Jiang,2026-04-14,16:02:46,-07:00,2026-04-14T16:02:46-07:00,2,14
style.css,49,css,56599a67,Isabella Jiang,2026-04-14,16:05:22,-07:00,2026-04-14T16:05:22-07:00,2,12
style.css,50,css,c164f51e,Isabella Jiang,2026-04-14,16:02:46,-07:00,2026-04-14T16:02:46-07:00,2,17
style.css,51,css,c164f51e,Isabella Jiang,2026-04-14,16:02:46,-07:00,2026-04-14T16:02:46-07:00,2,18
style.css,52,css,cc819330,Isabella Jiang,2026-04-14,15:40:43,-07:00,2026-04-14T15:40:43-07:00,0,0
style.css,53,css,cc819330,Isabella Jiang,2026-04-14,15:40:43,-07:00,2026-04-14T15:40:43-07:00,0,0
style.css,54,css,cc819330,Isabella Jiang,2026-04-14,15:40:43,-07:00,2026-04-14T15:40:43-07:00,0,29
style.css,55,css,d05e5a01,Isabella Jiang,2026-04-14,16:23:21,-07:00,2026-04-14T16:23:21-07:00,2,52
style.css,56,css,cc819330,Isabella Jiang,2026-04-14,15:40:43,-07:00,2026-04-14T15:40:43-07:00,2,10
style.css,57,css,cc819330,Isabella Jiang,2026-04-14,15:40:43,-07:00,2026-04-14T15:40:43-07:00,0,0
style.css,58,css,cc819330,Isabella Jiang,2026-04-14,15:40:43,-07:00,2026-04-14T15:40:43-07:00,0,0
style.css,59,css,cc819330,Isabella Jiang,2026-04-14,15:40:43,-07:00,2026-04-14T15:40:43-07:00,0,28
style.css,60,css,8b9e66ae,Isabella Jiang,2026-04-07,14:47:59,-07:00,2026-04-07T14:47:59-07:00,2,35
style.css,61,css,8b9e66ae,Isabella Jiang,2026-04-07,14:47:59,-07:00,2026-04-07T14:47:59-07:00,2,26
style.css,62,css,8b9e66ae,Isabella Jiang,2026-04-07,14:47:59,-07:00,2026-04-07T14:47:59-07:00,2,41
style.css,63,css,8b9e66ae,Isabella Jiang,2026-04-07,14:47:59,-07:00,2026-04-07T14:47:59-07:00,0,0
style.css,64,css,8b9e66ae,Isabella Jiang,2026-04-07,14:47:59,-07:00,2026-04-07T14:47:59-07:00,0,0
style.css,65,css,1f61bfc7,Isabella Jiang,2026-04-14,17:26:42,-07:00,2026-04-14T17:26:42-07:00,0,27
style.css,66,css,1f61bfc7,Isabella Jiang,2026-04-14,17:26:42,-07:00,2026-04-14T17:26:42-07:00,2,14
style.css,67,css,1f61bfc7,Isabella Jiang,2026-04-14,17:26:42,-07:00,2026-04-14T17:26:42-07:00,2,15
style.css,68,css,1f61bfc7,Isabella Jiang,2026-04-14,17:26:42,-07:00,2026-04-14T17:26:42-07:00,2,17
style.css,69,css,1f61bfc7,Isabella Jiang,2026-04-14,17:26:42,-07:00,2026-04-14T17:26:42-07:00,2,64
style.css,70,css,1f61bfc7,Isabella Jiang,2026-04-14,17:26:42,-07:00,2026-04-14T17:26:42-07:00,2,20
style.css,71,css,1f61bfc7,Isabella Jiang,2026-04-14,17:26:42,-07:00,2026-04-14T17:26:42-07:00,2,28
style.css,72,css,1f61bfc7,Isabella Jiang,2026-04-14,17:26:42,-07:00,2026-04-14T17:26:42-07:00,2,17
style.css,73,css,1f61bfc7,Isabella Jiang,2026-04-14,17:26:42,-07:00,2026-04-14T17:26:42-07:00,0,0
style.css,74,css,1f61bfc7,Isabella Jiang,2026-04-14,17:26:42,-07:00,2026-04-14T17:26:42-07:00,0,0
style.css,75,css,e685c354,Isabella Jiang,2026-04-14,15:36:24,-07:00,2026-04-14T15:36:24-07:00,0,30
style.css,76,css,8b9e66ae,Isabella Jiang,2026-04-07,14:47:59,-07:00,2026-04-07T14:47:59-07:00,2,11
style.css,77,css,8b9e66ae,Isabella Jiang,2026-04-07,14:47:59,-07:00,2026-04-07T14:47:59-07:00,2,15
style.css,78,css,8b9e66ae,Isabella Jiang,2026-04-07,14:47:59,-07:00,2026-04-07T14:47:59-07:00,0,0
style.css,79,css,8b9e66ae,Isabella Jiang,2026-04-07,14:47:59,-07:00,2026-04-07T14:47:59-07:00,0,0
style.css,80,css,e685c354,Isabella Jiang,2026-04-14,15:36:24,-07:00,2026-04-14T15:36:24-07:00,0,38
style.css,81,css,8b9e66ae,Isabella Jiang,2026-04-07,14:47:59,-07:00,2026-04-07T14:47:59-07:00,2,30
style.css,82,css,8b9e66ae,Isabella Jiang,2026-04-07,14:47:59,-07:00,2026-04-07T14:47:59-07:00,0,0
style.css,83,css,8b9e66ae,Isabella Jiang,2026-04-07,14:47:59,-07:00,2026-04-07T14:47:59-07:00,0,0
style.css,84,css,e685c354,Isabella Jiang,2026-04-14,15:36:24,-07:00,2026-04-14T15:36:24-07:00,0,36
style.css,85,css,8b9e66ae,Isabella Jiang,2026-04-07,14:47:59,-07:00,2026-04-07T14:47:59-07:00,2,35
style.css,86,css,cc819330,Isabella Jiang,2026-04-14,15:40:43,-07:00,2026-04-14T15:40:43-07:00,0,0
style.css,87,css,cc819330,Isabella Jiang,2026-04-14,15:40:43,-07:00,2026-04-14T15:40:43-07:00,0,0
style.css,88,css,c164f51e,Isabella Jiang,2026-04-14,16:02:46,-07:00,2026-04-14T16:02:46-07:00,0,38
style.css,89,css,c164f51e,Isabella Jiang,2026-04-14,16:02:46,-07:00,2026-04-14T16:02:46-07:00,2,29
style.css,90,css,cbd7550a,Isabella Jiang,2026-04-14,16:38:50,-07:00,2026-04-14T16:38:50-07:00,2,11
style.css,91,css,cbd7550a,Isabella Jiang,2026-04-14,16:38:50,-07:00,2026-04-14T16:38:50-07:00,0,0
style.css,92,css,cbd7550a,Isabella Jiang,2026-04-14,16:38:50,-07:00,2026-04-14T16:38:50-07:00,0,0
style.css,93,css,e685c354,Isabella Jiang,2026-04-14,15:36:24,-07:00,2026-04-14T15:36:24-07:00,0,30
style.css,94,css,d05e5a01,Isabella Jiang,2026-04-14,16:23:21,-07:00,2026-04-14T16:23:21-07:00,2,52
style.css,95,css,e685c354,Isabella Jiang,2026-04-14,15:36:24,-07:00,2026-04-14T15:36:24-07:00,2,13
style.css,96,css,e685c354,Isabella Jiang,2026-04-14,15:36:24,-07:00,2026-04-14T15:36:24-07:00,0,0
style.css,97,css,e685c354,Isabella Jiang,2026-04-14,15:36:24,-07:00,2026-04-14T15:36:24-07:00,0,0
style.css,98,css,e685c354,Isabella Jiang,2026-04-14,15:36:24,-07:00,2026-04-14T15:36:24-07:00,0,29
style.css,99,css,e685c354,Isabella Jiang,2026-04-14,15:36:24,-07:00,2026-04-14T15:36:24-07:00,2,35
style.css,100,css,d05e5a01,Isabella Jiang,2026-04-14,16:23:21,-07:00,2026-04-14T16:23:21-07:00,2,40
style.css,101,css,e685c354,Isabella Jiang,2026-04-14,15:36:24,-07:00,2026-04-14T15:36:24-07:00,0,0
style.css,102,css,e685c354,Isabella Jiang,2026-04-14,15:36:24,-07:00,2026-04-14T15:36:24-07:00,0,0
style.css,103,css,1f61bfc7,Isabella Jiang,2026-04-14,17:26:42,-07:00,2026-04-14T17:26:42-07:00,0,28
style.css,104,css,1f61bfc7,Isabella Jiang,2026-04-14,17:26:42,-07:00,2026-04-14T17:26:42-07:00,2,14
style.css,105,css,1f61bfc7,Isabella Jiang,2026-04-14,17:26:42,-07:00,2026-04-14T17:26:42-07:00,2,15
style.css,106,css,1f61bfc7,Isabella Jiang,2026-04-14,17:26:42,-07:00,2026-04-14T17:26:42-07:00,2,17
style.css,107,css,1f61bfc7,Isabella Jiang,2026-04-14,17:26:42,-07:00,2026-04-14T17:26:42-07:00,2,52
style.css,108,css,1f61bfc7,Isabella Jiang,2026-04-14,17:26:42,-07:00,2026-04-14T17:26:42-07:00,2,20
style.css,109,css,1f61bfc7,Isabella Jiang,2026-04-14,17:26:42,-07:00,2026-04-14T17:26:42-07:00,2,28
style.css,110,css,1f61bfc7,Isabella Jiang,2026-04-14,17:26:42,-07:00,2026-04-14T17:26:42-07:00,2,17
style.css,111,css,1f61bfc7,Isabella Jiang,2026-04-14,17:26:42,-07:00,2026-04-14T17:26:42-07:00,0,0
style.css,112,css,1f61bfc7,Isabella Jiang,2026-04-14,17:26:42,-07:00,2026-04-14T17:26:42-07:00,0,0
style.css,113,css,e685c354,Isabella Jiang,2026-04-14,15:36:24,-07:00,2026-04-14T15:36:24-07:00,0,31
style.css,114,css,e685c354,Isabella Jiang,2026-04-14,15:36:24,-07:00,2026-04-14T15:36:24-07:00,2,13
style.css,115,css,e685c354,Isabella Jiang,2026-04-14,15:36:24,-07:00,2026-04-14T15:36:24-07:00,0,0
style.css,116,css,e685c354,Isabella Jiang,2026-04-14,15:36:24,-07:00,2026-04-14T15:36:24-07:00,0,0
style.css,117,css,e685c354,Isabella Jiang,2026-04-14,15:36:24,-07:00,2026-04-14T15:36:24-07:00,0,39
style.css,118,css,e685c354,Isabella Jiang,2026-04-14,15:36:24,-07:00,2026-04-14T15:36:24-07:00,2,18
style.css,119,css,e685c354,Isabella Jiang,2026-04-14,15:36:24,-07:00,2026-04-14T15:36:24-07:00,2,11
style.css,120,css,8b9e66ae,Isabella Jiang,2026-04-07,14:47:59,-07:00,2026-04-07T14:47:59-07:00,0,0
style.css,121,css,8b9e66ae,Isabella Jiang,2026-04-07,14:47:59,-07:00,2026-04-07T14:47:59-07:00,0,0
style.css,122,css,d05e5a01,Isabella Jiang,2026-04-14,16:23:21,-07:00,2026-04-14T16:23:21-07:00,0,37
style.css,123,css,d05e5a01,Isabella Jiang,2026-04-14,16:23:21,-07:00,2026-04-14T16:23:21-07:00,2,34
style.css,124,css,d05e5a01,Isabella Jiang,2026-04-14,16:23:21,-07:00,2026-04-14T16:23:21-07:00,0,0
style.css,125,css,d05e5a01,Isabella Jiang,2026-04-14,16:23:21,-07:00,2026-04-14T16:23:21-07:00,0,0
style.css,126,css,c164f51e,Isabella Jiang,2026-04-14,16:02:46,-07:00,2026-04-14T16:02:46-07:00,0,39
style.css,127,css,c164f51e,Isabella Jiang,2026-04-14,16:02:46,-07:00,2026-04-14T16:02:46-07:00,2,16
style.css,128,css,c164f51e,Isabella Jiang,2026-04-14,16:02:46,-07:00,2026-04-14T16:02:46-07:00,2,13
style.css,129,css,c164f51e,Isabella Jiang,2026-04-14,16:02:46,-07:00,2026-04-14T16:02:46-07:00,0,0
style.css,130,css,c164f51e,Isabella Jiang,2026-04-14,16:02:46,-07:00,2026-04-14T16:02:46-07:00,0,0
style.css,131,css,d607ef7e,Isabella Jiang,2026-04-14,15:48:27,-07:00,2026-04-14T15:48:27-07:00,0,35
style.css,132,css,13d68b88,Isabella Jiang,2026-04-14,16:49:46,-07:00,2026-04-14T16:49:46-07:00,2,29
style.css,133,css,13d68b88,Isabella Jiang,2026-04-14,16:49:46,-07:00,2026-04-14T16:49:46-07:00,4,52
style.css,134,css,13d68b88,Isabella Jiang,2026-04-14,16:49:46,-07:00,2026-04-14T16:49:46-07:00,4,10
style.css,135,css,d05e5a01,Isabella Jiang,2026-04-14,16:23:21,-07:00,2026-04-14T16:23:21-07:00,2,0
style.css,136,css,d607ef7e,Isabella Jiang,2026-04-14,15:48:27,-07:00,2026-04-14T15:48:27-07:00,0,0
style.css,137,css,13d68b88,Isabella Jiang,2026-04-14,16:49:46,-07:00,2026-04-14T16:49:46-07:00,2,28
style.css,138,css,13d68b88,Isabella Jiang,2026-04-14,16:49:46,-07:00,2026-04-14T16:49:46-07:00,4,35
style.css,139,css,13d68b88,Isabella Jiang,2026-04-14,16:49:46,-07:00,2026-04-14T16:49:46-07:00,4,26
style.css,140,css,13d68b88,Isabella Jiang,2026-04-14,16:49:46,-07:00,2026-04-14T16:49:46-07:00,4,41
style.css,141,css,d607ef7e,Isabella Jiang,2026-04-14,15:48:27,-07:00,2026-04-14T15:48:27-07:00,2,0
style.css,142,css,d607ef7e,Isabella Jiang,2026-04-14,15:48:27,-07:00,2026-04-14T15:48:27-07:00,0,0
style.css,143,css,13d68b88,Isabella Jiang,2026-04-14,16:49:46,-07:00,2026-04-14T16:49:46-07:00,2,30
style.css,144,css,13d68b88,Isabella Jiang,2026-04-14,16:49:46,-07:00,2026-04-14T16:49:46-07:00,4,11
style.css,145,css,13d68b88,Isabella Jiang,2026-04-14,16:49:46,-07:00,2026-04-14T16:49:46-07:00,4,15
style.css,146,css,13d68b88,Isabella Jiang,2026-04-14,16:49:46,-07:00,2026-04-14T16:49:46-07:00,2,0
style.css,147,css,cbd7550a,Isabella Jiang,2026-04-14,16:38:50,-07:00,2026-04-14T16:38:50-07:00,0,0
style.css,148,css,13d68b88,Isabella Jiang,2026-04-14,16:49:46,-07:00,2026-04-14T16:49:46-07:00,2,38
style.css,149,css,13d68b88,Isabella Jiang,2026-04-14,16:49:46,-07:00,2026-04-14T16:49:46-07:00,4,30
style.css,150,css,1f61bfc7,Isabella Jiang,2026-04-14,17:26:42,-07:00,2026-04-14T17:26:42-07:00,4,43
style.css,151,css,13d68b88,Isabella Jiang,2026-04-14,16:49:46,-07:00,2026-04-14T16:49:46-07:00,2,0
style.css,152,css,cbd7550a,Isabella Jiang,2026-04-14,16:38:50,-07:00,2026-04-14T16:38:50-07:00,0,0
style.css,153,css,13d68b88,Isabella Jiang,2026-04-14,16:49:46,-07:00,2026-04-14T16:49:46-07:00,2,36
style.css,154,css,13d68b88,Isabella Jiang,2026-04-14,16:49:46,-07:00,2026-04-14T16:49:46-07:00,4,35
style.css,155,css,1f61bfc7,Isabella Jiang,2026-04-14,17:26:42,-07:00,2026-04-14T17:26:42-07:00,4,21
style.css,156,css,13d68b88,Isabella Jiang,2026-04-14,16:49:46,-07:00,2026-04-14T16:49:46-07:00,2,0
style.css,157,css,cbd7550a,Isabella Jiang,2026-04-14,16:38:50,-07:00,2026-04-14T16:38:50-07:00,0,0
style.css,158,css,13d68b88,Isabella Jiang,2026-04-14,16:49:46,-07:00,2026-04-14T16:49:46-07:00,2,38
style.css,159,css,13d68b88,Isabella Jiang,2026-04-14,16:49:46,-07:00,2026-04-14T16:49:46-07:00,4,29
style.css,160,css,1f61bfc7,Isabella Jiang,2026-04-14,17:26:42,-07:00,2026-04-14T17:26:42-07:00,4,41
style.css,161,css,1f61bfc7,Isabella Jiang,2026-04-14,17:26:42,-07:00,2026-04-14T17:26:42-07:00,4,11
style.css,162,css,1f61bfc7,Isabella Jiang,2026-04-14,17:26:42,-07:00,2026-04-14T17:26:42-07:00,2,0
style.css,163,css,1f61bfc7,Isabella Jiang,2026-04-14,17:26:42,-07:00,2026-04-14T17:26:42-07:00,0,0
style.css,164,css,1f61bfc7,Isabella Jiang,2026-04-14,17:26:42,-07:00,2026-04-14T17:26:42-07:00,2,45
style.css,165,css,1f61bfc7,Isabella Jiang,2026-04-14,17:26:42,-07:00,2026-04-14T17:26:42-07:00,4,35
style.css,166,css,1f61bfc7,Isabella Jiang,2026-04-14,17:26:42,-07:00,2026-04-14T17:26:42-07:00,4,11
style.css,167,css,1f61bfc7,Isabella Jiang,2026-04-14,17:26:42,-07:00,2026-04-14T17:26:42-07:00,4,41
style.css,168,css,1f61bfc7,Isabella Jiang,2026-04-14,17:26:42,-07:00,2026-04-14T17:26:42-07:00,2,0
style.css,169,css,1f61bfc7,Isabella Jiang,2026-04-14,17:26:42,-07:00,2026-04-14T17:26:42-07:00,0,0
style.css,170,css,1f61bfc7,Isabella Jiang,2026-04-14,17:26:42,-07:00,2026-04-14T17:26:42-07:00,2,42
style.css,171,css,1f61bfc7,Isabella Jiang,2026-04-14,17:26:42,-07:00,2026-04-14T17:26:42-07:00,2,42
style.css,172,css,1f61bfc7,Isabella Jiang,2026-04-14,17:26:42,-07:00,2026-04-14T17:26:42-07:00,4,36
style.css,173,css,1f61bfc7,Isabella Jiang,2026-04-14,17:26:42,-07:00,2026-04-14T17:26:42-07:00,4,41
style.css,174,css,1f61bfc7,Isabella Jiang,2026-04-14,17:26:42,-07:00,2026-04-14T17:26:42-07:00,2,0
style.css,175,css,1f61bfc7,Isabella Jiang,2026-04-14,17:26:42,-07:00,2026-04-14T17:26:42-07:00,0,0
style.css,176,css,1f61bfc7,Isabella Jiang,2026-04-14,17:26:42,-07:00,2026-04-14T17:26:42-07:00,2,48
style.css,177,css,1f61bfc7,Isabella Jiang,2026-04-14,17:26:42,-07:00,2026-04-14T17:26:42-07:00,4,35
style.css,178,css,1f61bfc7,Isabella Jiang,2026-04-14,17:26:42,-07:00,2026-04-14T17:26:42-07:00,4,26
style.css,179,css,1f61bfc7,Isabella Jiang,2026-04-14,17:26:42,-07:00,2026-04-14T17:26:42-07:00,2,0
style.css,180,css,1f61bfc7,Isabella Jiang,2026-04-14,17:26:42,-07:00,2026-04-14T17:26:42-07:00,0,0
style.css,181,css,1f61bfc7,Isabella Jiang,2026-04-14,17:26:42,-07:00,2026-04-14T17:26:42-07:00,2,36
style.css,182,css,1f61bfc7,Isabella Jiang,2026-04-14,17:26:42,-07:00,2026-04-14T17:26:42-07:00,4,10
style.css,183,css,1f61bfc7,Isabella Jiang,2026-04-14,17:26:42,-07:00,2026-04-14T17:26:42-07:00,2,0
style.css,184,css,1f61bfc7,Isabella Jiang,2026-04-14,17:26:42,-07:00,2026-04-14T17:26:42-07:00,0,0
style.css,185,css,1f61bfc7,Isabella Jiang,2026-04-14,17:26:42,-07:00,2026-04-14T17:26:42-07:00,2,37
style.css,186,css,1f61bfc7,Isabella Jiang,2026-04-14,17:26:42,-07:00,2026-04-14T17:26:42-07:00,4,19
style.css,187,css,1f61bfc7,Isabella Jiang,2026-04-14,17:26:42,-07:00,2026-04-14T17:26:42-07:00,4,16
style.css,188,css,1f61bfc7,Isabella Jiang,2026-04-14,17:26:42,-07:00,2026-04-14T17:26:42-07:00,4,16
style.css,189,css,1f61bfc7,Isabella Jiang,2026-04-14,17:26:42,-07:00,2026-04-14T17:26:42-07:00,4,14
style.css,190,css,1f61bfc7,Isabella Jiang,2026-04-14,17:26:42,-07:00,2026-04-14T17:26:42-07:00,4,11
style.css,191,css,1f61bfc7,Isabella Jiang,2026-04-14,17:26:42,-07:00,2026-04-14T17:26:42-07:00,2,0
style.css,192,css,1f61bfc7,Isabella Jiang,2026-04-14,17:26:42,-07:00,2026-04-14T17:26:42-07:00,0,0
style.css,193,css,1f61bfc7,Isabella Jiang,2026-04-14,17:26:42,-07:00,2026-04-14T17:26:42-07:00,2,26
style.css,194,css,1f61bfc7,Isabella Jiang,2026-04-14,17:26:42,-07:00,2026-04-14T17:26:42-07:00,2,27
style.css,195,css,1f61bfc7,Isabella Jiang,2026-04-14,17:26:42,-07:00,2026-04-14T17:26:42-07:00,4,14
style.css,196,css,1f61bfc7,Isabella Jiang,2026-04-14,17:26:42,-07:00,2026-04-14T17:26:42-07:00,4,15
style.css,197,css,1f61bfc7,Isabella Jiang,2026-04-14,17:26:42,-07:00,2026-04-14T17:26:42-07:00,4,17
style.css,198,css,1f61bfc7,Isabella Jiang,2026-04-14,17:26:42,-07:00,2026-04-14T17:26:42-07:00,4,64
style.css,199,css,1f61bfc7,Isabella Jiang,2026-04-14,17:26:42,-07:00,2026-04-14T17:26:42-07:00,4,20
style.css,200,css,1f61bfc7,Isabella Jiang,2026-04-14,17:26:42,-07:00,2026-04-14T17:26:42-07:00,4,28
style.css,201,css,1f61bfc7,Isabella Jiang,2026-04-14,17:26:42,-07:00,2026-04-14T17:26:42-07:00,4,17
style.css,202,css,1f61bfc7,Isabella Jiang,2026-04-14,17:26:42,-07:00,2026-04-14T17:26:42-07:00,2,0
style.css,203,css,1f61bfc7,Isabella Jiang,2026-04-14,17:26:42,-07:00,2026-04-14T17:26:42-07:00,0,0
style.css,204,css,1f61bfc7,Isabella Jiang,2026-04-14,17:26:42,-07:00,2026-04-14T17:26:42-07:00,2,51
style.css,205,css,1f61bfc7,Isabella Jiang,2026-04-14,17:26:42,-07:00,2026-04-14T17:26:42-07:00,2,41
style.css,206,css,1f61bfc7,Isabella Jiang,2026-04-14,17:26:42,-07:00,2026-04-14T17:26:42-07:00,4,41
style.css,207,css,1f61bfc7,Isabella Jiang,2026-04-14,17:26:42,-07:00,2026-04-14T17:26:42-07:00,4,17
style.css,208,css,1f61bfc7,Isabella Jiang,2026-04-14,17:26:42,-07:00,2026-04-14T17:26:42-07:00,4,11
style.css,209,css,1f61bfc7,Isabella Jiang,2026-04-14,17:26:42,-07:00,2026-04-14T17:26:42-07:00,2,0
style.css,210,css,1f61bfc7,Isabella Jiang,2026-04-14,17:26:42,-07:00,2026-04-14T17:26:42-07:00,0,0
style.css,211,css,1f61bfc7,Isabella Jiang,2026-04-14,17:26:42,-07:00,2026-04-14T17:26:42-07:00,2,15
style.css,212,css,1f61bfc7,Isabella Jiang,2026-04-14,17:26:42,-07:00,2026-04-14T17:26:42-07:00,2,29
style.css,213,css,1f61bfc7,Isabella Jiang,2026-04-14,17:26:42,-07:00,2026-04-14T17:26:42-07:00,2,33
style.css,214,css,1f61bfc7,Isabella Jiang,2026-04-14,17:26:42,-07:00,2026-04-14T17:26:42-07:00,4,35
style.css,215,css,1f61bfc7,Isabella Jiang,2026-04-14,17:26:42,-07:00,2026-04-14T17:26:42-07:00,4,41
style.css,216,css,1f61bfc7,Isabella Jiang,2026-04-14,17:26:42,-07:00,2026-04-14T17:26:42-07:00,4,11
style.css,217,css,1f61bfc7,Isabella Jiang,2026-04-14,17:26:42,-07:00,2026-04-14T17:26:42-07:00,2,0
style.css,218,css,1f61bfc7,Isabella Jiang,2026-04-14,17:26:42,-07:00,2026-04-14T17:26:42-07:00,0,0
style.css,219,css,1f61bfc7,Isabella Jiang,2026-04-14,17:26:42,-07:00,2026-04-14T17:26:42-07:00,2,35
style.css,220,css,1f61bfc7,Isabella Jiang,2026-04-14,17:26:42,-07:00,2026-04-14T17:26:42-07:00,2,39
style.css,221,css,1f61bfc7,Isabella Jiang,2026-04-14,17:26:42,-07:00,2026-04-14T17:26:42-07:00,4,12
style.css,222,css,1f61bfc7,Isabella Jiang,2026-04-14,17:26:42,-07:00,2026-04-14T17:26:42-07:00,4,32
style.css,223,css,1f61bfc7,Isabella Jiang,2026-04-14,17:26:42,-07:00,2026-04-14T17:26:42-07:00,4,43
style.css,224,css,1f61bfc7,Isabella Jiang,2026-04-14,17:26:42,-07:00,2026-04-14T17:26:42-07:00,2,0
style.css,225,css,1f61bfc7,Isabella Jiang,2026-04-14,17:26:42,-07:00,2026-04-14T17:26:42-07:00,0,0
style.css,226,css,1f61bfc7,Isabella Jiang,2026-04-14,17:26:42,-07:00,2026-04-14T17:26:42-07:00,2,36
style.css,227,css,1f61bfc7,Isabella Jiang,2026-04-14,17:26:42,-07:00,2026-04-14T17:26:42-07:00,4,30
style.css,228,css,13d68b88,Isabella Jiang,2026-04-14,16:49:46,-07:00,2026-04-14T16:49:46-07:00,4,11
style.css,229,css,13d68b88,Isabella Jiang,2026-04-14,16:49:46,-07:00,2026-04-14T16:49:46-07:00,2,0
style.css,230,css,1f61bfc7,Isabella Jiang,2026-04-14,17:26:42,-07:00,2026-04-14T17:26:42-07:00,0,0
style.css,231,css,1f61bfc7,Isabella Jiang,2026-04-14,17:26:42,-07:00,2026-04-14T17:26:42-07:00,2,42
style.css,232,css,1f61bfc7,Isabella Jiang,2026-04-14,17:26:42,-07:00,2026-04-14T17:26:42-07:00,4,18
style.css,233,css,1f61bfc7,Isabella Jiang,2026-04-14,17:26:42,-07:00,2026-04-14T17:26:42-07:00,2,0
style.css,234,css,1f61bfc7,Isabella Jiang,2026-04-14,17:26:42,-07:00,2026-04-14T17:26:42-07:00,0,0
style.css,235,css,1f61bfc7,Isabella Jiang,2026-04-14,17:26:42,-07:00,2026-04-14T17:26:42-07:00,2,27
style.css,236,css,1f61bfc7,Isabella Jiang,2026-04-14,17:26:42,-07:00,2026-04-14T17:26:42-07:00,2,14
style.css,237,css,1f61bfc7,Isabella Jiang,2026-04-14,17:26:42,-07:00,2026-04-14T17:26:42-07:00,2,15
style.css,238,css,1f61bfc7,Isabella Jiang,2026-04-14,17:26:42,-07:00,2026-04-14T17:26:42-07:00,2,17
style.css,239,css,1f61bfc7,Isabella Jiang,2026-04-14,17:26:42,-07:00,2026-04-14T17:26:42-07:00,2,64
style.css,240,css,1f61bfc7,Isabella Jiang,2026-04-14,17:26:42,-07:00,2026-04-14T17:26:42-07:00,2,20
style.css,241,css,1f61bfc7,Isabella Jiang,2026-04-14,17:26:42,-07:00,2026-04-14T17:26:42-07:00,2,28
style.css,242,css,1f61bfc7,Isabella Jiang,2026-04-14,17:26:42,-07:00,2026-04-14T17:26:42-07:00,2,17
style.css,243,css,1f61bfc7,Isabella Jiang,2026-04-14,17:26:42,-07:00,2026-04-14T17:26:42-07:00,0,0
style.css,244,css,cbd7550a,Isabella Jiang,2026-04-14,16:38:50,-07:00,2026-04-14T16:38:50-07:00,0,0
style.css,245,css,cbd7550a,Isabella Jiang,2026-04-14,16:38:50,-07:00,2026-04-14T16:38:50-07:00,0,0
style.css,246,css,13d68b88,Isabella Jiang,2026-04-14,16:49:46,-07:00,2026-04-14T16:49:46-07:00,0,36
style.css,247,css,13d68b88,Isabella Jiang,2026-04-14,16:49:46,-07:00,2026-04-14T16:49:46-07:00,2,29
style.css,248,css,13d68b88,Isabella Jiang,2026-04-14,16:49:46,-07:00,2026-04-14T16:49:46-07:00,4,52
style.css,249,css,13d68b88,Isabella Jiang,2026-04-14,16:49:46,-07:00,2026-04-14T16:49:46-07:00,4,13
style.css,250,css,13d68b88,Isabella Jiang,2026-04-14,16:49:46,-07:00,2026-04-14T16:49:46-07:00,2,0
style.css,251,css,cbd7550a,Isabella Jiang,2026-04-14,16:38:50,-07:00,2026-04-14T16:38:50-07:00,0,0
style.css,252,css,13d68b88,Isabella Jiang,2026-04-14,16:49:46,-07:00,2026-04-14T16:49:46-07:00,2,28
style.css,253,css,13d68b88,Isabella Jiang,2026-04-14,16:49:46,-07:00,2026-04-14T16:49:46-07:00,4,35
style.css,254,css,13d68b88,Isabella Jiang,2026-04-14,16:49:46,-07:00,2026-04-14T16:49:46-07:00,4,40
style.css,255,css,1f61bfc7,Isabella Jiang,2026-04-14,17:26:42,-07:00,2026-04-14T17:26:42-07:00,4,41
style.css,256,css,13d68b88,Isabella Jiang,2026-04-14,16:49:46,-07:00,2026-04-14T16:49:46-07:00,2,0
style.css,257,css,cbd7550a,Isabella Jiang,2026-04-14,16:38:50,-07:00,2026-04-14T16:38:50-07:00,0,0
style.css,258,css,13d68b88,Isabella Jiang,2026-04-14,16:49:46,-07:00,2026-04-14T16:49:46-07:00,2,30
style.css,259,css,13d68b88,Isabella Jiang,2026-04-14,16:49:46,-07:00,2026-04-14T16:49:46-07:00,4,13
style.css,260,css,1f61bfc7,Isabella Jiang,2026-04-14,17:26:42,-07:00,2026-04-14T17:26:42-07:00,4,15
style.css,261,css,13d68b88,Isabella Jiang,2026-04-14,16:49:46,-07:00,2026-04-14T16:49:46-07:00,2,0
style.css,262,css,cbd7550a,Isabella Jiang,2026-04-14,16:38:50,-07:00,2026-04-14T16:38:50-07:00,0,0
style.css,263,css,13d68b88,Isabella Jiang,2026-04-14,16:49:46,-07:00,2026-04-14T16:49:46-07:00,2,38
style.css,264,css,13d68b88,Isabella Jiang,2026-04-14,16:49:46,-07:00,2026-04-14T16:49:46-07:00,4,18
style.css,265,css,13d68b88,Isabella Jiang,2026-04-14,16:49:46,-07:00,2026-04-14T16:49:46-07:00,4,11
style.css,266,css,1f61bfc7,Isabella Jiang,2026-04-14,17:26:42,-07:00,2026-04-14T17:26:42-07:00,4,44
style.css,267,css,13d68b88,Isabella Jiang,2026-04-14,16:49:46,-07:00,2026-04-14T16:49:46-07:00,2,0
style.css,268,css,13d68b88,Isabella Jiang,2026-04-14,16:49:46,-07:00,2026-04-14T16:49:46-07:00,0,0
style.css,269,css,13d68b88,Isabella Jiang,2026-04-14,16:49:46,-07:00,2026-04-14T16:49:46-07:00,2,36
style.css,270,css,13d68b88,Isabella Jiang,2026-04-14,16:49:46,-07:00,2026-04-14T16:49:46-07:00,4,34
style.css,271,css,1f61bfc7,Isabella Jiang,2026-04-14,17:26:42,-07:00,2026-04-14T17:26:42-07:00,4,21
style.css,272,css,13d68b88,Isabella Jiang,2026-04-14,16:49:46,-07:00,2026-04-14T16:49:46-07:00,2,0
style.css,273,css,13d68b88,Isabella Jiang,2026-04-14,16:49:46,-07:00,2026-04-14T16:49:46-07:00,0,0
style.css,274,css,13d68b88,Isabella Jiang,2026-04-14,16:49:46,-07:00,2026-04-14T16:49:46-07:00,2,38
style.css,275,css,1f61bfc7,Isabella Jiang,2026-04-14,17:26:42,-07:00,2026-04-14T17:26:42-07:00,4,35
style.css,276,css,1f61bfc7,Isabella Jiang,2026-04-14,17:26:42,-07:00,2026-04-14T17:26:42-07:00,4,40
style.css,277,css,1f61bfc7,Isabella Jiang,2026-04-14,17:26:42,-07:00,2026-04-14T17:26:42-07:00,4,13
style.css,278,css,1f61bfc7,Isabella Jiang,2026-04-14,17:26:42,-07:00,2026-04-14T17:26:42-07:00,2,0
style.css,279,css,1f61bfc7,Isabella Jiang,2026-04-14,17:26:42,-07:00,2026-04-14T17:26:42-07:00,0,0
style.css,280,css,1f61bfc7,Isabella Jiang,2026-04-14,17:26:42,-07:00,2026-04-14T17:26:42-07:00,2,45
style.css,281,css,1f61bfc7,Isabella Jiang,2026-04-14,17:26:42,-07:00,2026-04-14T17:26:42-07:00,4,16
style.css,282,css,1f61bfc7,Isabella Jiang,2026-04-14,17:26:42,-07:00,2026-04-14T17:26:42-07:00,4,13
style.css,283,css,1f61bfc7,Isabella Jiang,2026-04-14,17:26:42,-07:00,2026-04-14T17:26:42-07:00,4,24
style.css,284,css,1f61bfc7,Isabella Jiang,2026-04-14,17:26:42,-07:00,2026-04-14T17:26:42-07:00,2,0
style.css,285,css,1f61bfc7,Isabella Jiang,2026-04-14,17:26:42,-07:00,2026-04-14T17:26:42-07:00,0,0
style.css,286,css,1f61bfc7,Isabella Jiang,2026-04-14,17:26:42,-07:00,2026-04-14T17:26:42-07:00,2,42
style.css,287,css,1f61bfc7,Isabella Jiang,2026-04-14,17:26:42,-07:00,2026-04-14T17:26:42-07:00,2,42
style.css,288,css,1f61bfc7,Isabella Jiang,2026-04-14,17:26:42,-07:00,2026-04-14T17:26:42-07:00,4,16
style.css,289,css,1f61bfc7,Isabella Jiang,2026-04-14,17:26:42,-07:00,2026-04-14T17:26:42-07:00,4,41
style.css,290,css,1f61bfc7,Isabella Jiang,2026-04-14,17:26:42,-07:00,2026-04-14T17:26:42-07:00,4,40
style.css,291,css,1f61bfc7,Isabella Jiang,2026-04-14,17:26:42,-07:00,2026-04-14T17:26:42-07:00,2,0
style.css,292,css,1f61bfc7,Isabella Jiang,2026-04-14,17:26:42,-07:00,2026-04-14T17:26:42-07:00,0,0
style.css,293,css,1f61bfc7,Isabella Jiang,2026-04-14,17:26:42,-07:00,2026-04-14T17:26:42-07:00,2,48
style.css,294,css,1f61bfc7,Isabella Jiang,2026-04-14,17:26:42,-07:00,2026-04-14T17:26:42-07:00,4,26
style.css,295,css,1f61bfc7,Isabella Jiang,2026-04-14,17:26:42,-07:00,2026-04-14T17:26:42-07:00,4,40
style.css,296,css,1f61bfc7,Isabella Jiang,2026-04-14,17:26:42,-07:00,2026-04-14T17:26:42-07:00,2,0
style.css,297,css,1f61bfc7,Isabella Jiang,2026-04-14,17:26:42,-07:00,2026-04-14T17:26:42-07:00,0,0
style.css,298,css,1f61bfc7,Isabella Jiang,2026-04-14,17:26:42,-07:00,2026-04-14T17:26:42-07:00,2,36
style.css,299,css,1f61bfc7,Isabella Jiang,2026-04-14,17:26:42,-07:00,2026-04-14T17:26:42-07:00,4,10
style.css,300,css,1f61bfc7,Isabella Jiang,2026-04-14,17:26:42,-07:00,2026-04-14T17:26:42-07:00,2,0
style.css,301,css,1f61bfc7,Isabella Jiang,2026-04-14,17:26:42,-07:00,2026-04-14T17:26:42-07:00,0,0
style.css,302,css,1f61bfc7,Isabella Jiang,2026-04-14,17:26:42,-07:00,2026-04-14T17:26:42-07:00,2,37
style.css,303,css,1f61bfc7,Isabella Jiang,2026-04-14,17:26:42,-07:00,2026-04-14T17:26:42-07:00,4,19
style.css,304,css,1f61bfc7,Isabella Jiang,2026-04-14,17:26:42,-07:00,2026-04-14T17:26:42-07:00,4,16
style.css,305,css,1f61bfc7,Isabella Jiang,2026-04-14,17:26:42,-07:00,2026-04-14T17:26:42-07:00,4,16
style.css,306,css,1f61bfc7,Isabella Jiang,2026-04-14,17:26:42,-07:00,2026-04-14T17:26:42-07:00,4,14
style.css,307,css,1f61bfc7,Isabella Jiang,2026-04-14,17:26:42,-07:00,2026-04-14T17:26:42-07:00,4,13
style.css,308,css,1f61bfc7,Isabella Jiang,2026-04-14,17:26:42,-07:00,2026-04-14T17:26:42-07:00,2,0
style.css,309,css,1f61bfc7,Isabella Jiang,2026-04-14,17:26:42,-07:00,2026-04-14T17:26:42-07:00,0,0
style.css,310,css,1f61bfc7,Isabella Jiang,2026-04-14,17:26:42,-07:00,2026-04-14T17:26:42-07:00,2,26
style.css,311,css,1f61bfc7,Isabella Jiang,2026-04-14,17:26:42,-07:00,2026-04-14T17:26:42-07:00,2,27
style.css,312,css,1f61bfc7,Isabella Jiang,2026-04-14,17:26:42,-07:00,2026-04-14T17:26:42-07:00,4,14
style.css,313,css,1f61bfc7,Isabella Jiang,2026-04-14,17:26:42,-07:00,2026-04-14T17:26:42-07:00,4,15
style.css,314,css,1f61bfc7,Isabella Jiang,2026-04-14,17:26:42,-07:00,2026-04-14T17:26:42-07:00,4,17
style.css,315,css,1f61bfc7,Isabella Jiang,2026-04-14,17:26:42,-07:00,2026-04-14T17:26:42-07:00,4,52
style.css,316,css,1f61bfc7,Isabella Jiang,2026-04-14,17:26:42,-07:00,2026-04-14T17:26:42-07:00,4,20
style.css,317,css,1f61bfc7,Isabella Jiang,2026-04-14,17:26:42,-07:00,2026-04-14T17:26:42-07:00,4,28
style.css,318,css,1f61bfc7,Isabella Jiang,2026-04-14,17:26:42,-07:00,2026-04-14T17:26:42-07:00,4,17
style.css,319,css,1f61bfc7,Isabella Jiang,2026-04-14,17:26:42,-07:00,2026-04-14T17:26:42-07:00,2,0
style.css,320,css,1f61bfc7,Isabella Jiang,2026-04-14,17:26:42,-07:00,2026-04-14T17:26:42-07:00,0,0
style.css,321,css,1f61bfc7,Isabella Jiang,2026-04-14,17:26:42,-07:00,2026-04-14T17:26:42-07:00,2,51
style.css,322,css,1f61bfc7,Isabella Jiang,2026-04-14,17:26:42,-07:00,2026-04-14T17:26:42-07:00,2,41
style.css,323,css,1f61bfc7,Isabella Jiang,2026-04-14,17:26:42,-07:00,2026-04-14T17:26:42-07:00,4,29
style.css,324,css,1f61bfc7,Isabella Jiang,2026-04-14,17:26:42,-07:00,2026-04-14T17:26:42-07:00,4,17
style.css,325,css,1f61bfc7,Isabella Jiang,2026-04-14,17:26:42,-07:00,2026-04-14T17:26:42-07:00,4,13
style.css,326,css,1f61bfc7,Isabella Jiang,2026-04-14,17:26:42,-07:00,2026-04-14T17:26:42-07:00,2,0
style.css,327,css,1f61bfc7,Isabella Jiang,2026-04-14,17:26:42,-07:00,2026-04-14T17:26:42-07:00,0,0
style.css,328,css,1f61bfc7,Isabella Jiang,2026-04-14,17:26:42,-07:00,2026-04-14T17:26:42-07:00,2,15
style.css,329,css,1f61bfc7,Isabella Jiang,2026-04-14,17:26:42,-07:00,2026-04-14T17:26:42-07:00,2,29
style.css,330,css,1f61bfc7,Isabella Jiang,2026-04-14,17:26:42,-07:00,2026-04-14T17:26:42-07:00,2,33
style.css,331,css,13d68b88,Isabella Jiang,2026-04-14,16:49:46,-07:00,2026-04-14T16:49:46-07:00,4,16
style.css,332,css,1f61bfc7,Isabella Jiang,2026-04-14,17:26:42,-07:00,2026-04-14T17:26:42-07:00,4,24
style.css,333,css,13d68b88,Isabella Jiang,2026-04-14,16:49:46,-07:00,2026-04-14T16:49:46-07:00,4,13
style.css,334,css,13d68b88,Isabella Jiang,2026-04-14,16:49:46,-07:00,2026-04-14T16:49:46-07:00,2,0
style.css,335,css,1f61bfc7,Isabella Jiang,2026-04-14,17:26:42,-07:00,2026-04-14T17:26:42-07:00,0,0
style.css,336,css,1f61bfc7,Isabella Jiang,2026-04-14,17:26:42,-07:00,2026-04-14T17:26:42-07:00,2,35
style.css,337,css,1f61bfc7,Isabella Jiang,2026-04-14,17:26:42,-07:00,2026-04-14T17:26:42-07:00,2,39
style.css,338,css,1f61bfc7,Isabella Jiang,2026-04-14,17:26:42,-07:00,2026-04-14T17:26:42-07:00,4,12
style.css,339,css,1f61bfc7,Isabella Jiang,2026-04-14,17:26:42,-07:00,2026-04-14T17:26:42-07:00,4,20
style.css,340,css,1f61bfc7,Isabella Jiang,2026-04-14,17:26:42,-07:00,2026-04-14T17:26:42-07:00,4,44
style.css,341,css,1f61bfc7,Isabella Jiang,2026-04-14,17:26:42,-07:00,2026-04-14T17:26:42-07:00,2,0
style.css,342,css,1f61bfc7,Isabella Jiang,2026-04-14,17:26:42,-07:00,2026-04-14T17:26:42-07:00,0,0
style.css,343,css,1f61bfc7,Isabella Jiang,2026-04-14,17:26:42,-07:00,2026-04-14T17:26:42-07:00,2,36
style.css,344,css,1f61bfc7,Isabella Jiang,2026-04-14,17:26:42,-07:00,2026-04-14T17:26:42-07:00,4,30
style.css,345,css,1f61bfc7,Isabella Jiang,2026-04-14,17:26:42,-07:00,2026-04-14T17:26:42-07:00,4,11
style.css,346,css,1f61bfc7,Isabella Jiang,2026-04-14,17:26:42,-07:00,2026-04-14T17:26:42-07:00,2,0
style.css,347,css,1f61bfc7,Isabella Jiang,2026-04-14,17:26:42,-07:00,2026-04-14T17:26:42-07:00,0,0
style.css,348,css,1f61bfc7,Isabella Jiang,2026-04-14,17:26:42,-07:00,2026-04-14T17:26:42-07:00,2,42
style.css,349,css,1f61bfc7,Isabella Jiang,2026-04-14,17:26:42,-07:00,2026-04-14T17:26:42-07:00,4,18
style.css,350,css,1f61bfc7,Isabella Jiang,2026-04-14,17:26:42,-07:00,2026-04-14T17:26:42-07:00,2,0
style.css,351,css,cbd7550a,Isabella Jiang,2026-04-14,16:38:50,-07:00,2026-04-14T16:38:50-07:00,0,0
style.css,352,css,1f61bfc7,Isabella Jiang,2026-04-14,17:26:42,-07:00,2026-04-14T17:26:42-07:00,0,0
style.css,353,css,13d68b88,Isabella Jiang,2026-04-14,16:49:46,-07:00,2026-04-14T16:49:46-07:00,0,4
style.css,354,css,13d68b88,Isabella Jiang,2026-04-14,16:49:46,-07:00,2026-04-14T16:49:46-07:00,2,12
style.css,355,css,13d68b88,Isabella Jiang,2026-04-14,16:49:46,-07:00,2026-04-14T16:49:46-07:00,2,30
style.css,356,css,13d68b88,Isabella Jiang,2026-04-14,16:49:46,-07:00,2026-04-14T16:49:46-07:00,2,7
style.css,357,css,16f9bb44,Isabella Jiang,2026-04-14,17:03:16,-07:00,2026-04-14T17:03:16-07:00,2,15
style.css,358,css,16f9bb44,Isabella Jiang,2026-04-14,17:03:16,-07:00,2026-04-14T17:03:16-07:00,2,12
style.css,359,css,16f9bb44,Isabella Jiang,2026-04-14,17:03:16,-07:00,2026-04-14T17:03:16-07:00,0,0
style.css,360,css,16f9bb44,Isabella Jiang,2026-04-14,17:03:16,-07:00,2026-04-14T17:03:16-07:00,0,0
style.css,361,css,16f9bb44,Isabella Jiang,2026-04-14,17:03:16,-07:00,2026-04-14T17:03:16-07:00,0,5
style.css,362,css,6d3ade65,Isabella Jiang,2026-04-14,17:12:15,-07:00,2026-04-14T17:12:15-07:00,2,12
style.css,363,css,6d3ade65,Isabella Jiang,2026-04-14,17:12:15,-07:00,2026-04-14T17:12:15-07:00,2,29
style.css,364,css,6d3ade65,Isabella Jiang,2026-04-14,17:12:15,-07:00,2026-04-14T17:12:15-07:00,2,18
style.css,365,css,6d3ade65,Isabella Jiang,2026-04-14,17:12:15,-07:00,2026-04-14T17:12:15-07:00,2,18
style.css,366,css,16f9bb44,Isabella Jiang,2026-04-14,17:03:16,-07:00,2026-04-14T17:03:16-07:00,0,0
style.css,367,css,16f9bb44,Isabella Jiang,2026-04-14,17:03:16,-07:00,2026-04-14T17:03:16-07:00,0,0
style.css,368,css,16f9bb44,Isabella Jiang,2026-04-14,17:03:16,-07:00,2026-04-14T17:03:16-07:00,0,15
style.css,369,css,16f9bb44,Isabella Jiang,2026-04-14,17:03:16,-07:00,2026-04-14T17:03:16-07:00,2,10
style.css,370,css,16f9bb44,Isabella Jiang,2026-04-14,17:03:16,-07:00,2026-04-14T17:03:16-07:00,2,14
style.css,371,css,16f9bb44,Isabella Jiang,2026-04-14,17:03:16,-07:00,2026-04-14T17:03:16-07:00,2,17
style.css,372,css,16f9bb44,Isabella Jiang,2026-04-14,17:03:16,-07:00,2026-04-14T17:03:16-07:00,2,19
style.css,373,css,6d3ade65,Isabella Jiang,2026-04-14,17:12:15,-07:00,2026-04-14T17:12:15-07:00,2,21
style.css,374,css,6d3ade65,Isabella Jiang,2026-04-14,17:12:15,-07:00,2026-04-14T17:12:15-07:00,2,12
style.css,375,css,16f9bb44,Isabella Jiang,2026-04-14,17:03:16,-07:00,2026-04-14T17:03:16-07:00,0,0
style.css,376,css,16f9bb44,Isabella Jiang,2026-04-14,17:03:16,-07:00,2026-04-14T17:03:16-07:00,0,0
style.css,377,css,6d3ade65,Isabella Jiang,2026-04-14,17:12:15,-07:00,2026-04-14T17:12:15-07:00,0,11
style.css,378,css,d607ef7e,Isabella Jiang,2026-04-14,15:48:27,-07:00,2026-04-14T15:48:27-07:00,2,30
style.css,379,css,d607ef7e,Isabella Jiang,2026-04-14,15:48:27,-07:00,2026-04-14T15:48:27-07:00,2,11
style.css,380,css,d607ef7e,Isabella Jiang,2026-04-14,15:48:27,-07:00,2026-04-14T15:48:27-07:00,2,18
style.css,381,css,d05e5a01,Isabella Jiang,2026-04-14,16:23:21,-07:00,2026-04-14T16:23:21-07:00,2,20
style.css,382,css,d05e5a01,Isabella Jiang,2026-04-14,16:23:21,-07:00,2026-04-14T16:23:21-07:00,2,11
style.css,383,css,d05e5a01,Isabella Jiang,2026-04-14,16:23:21,-07:00,2026-04-14T16:23:21-07:00,2,14
style.css,384,css,16f9bb44,Isabella Jiang,2026-04-14,17:03:16,-07:00,2026-04-14T17:03:16-07:00,2,16
style.css,385,css,16f9bb44,Isabella Jiang,2026-04-14,17:03:16,-07:00,2026-04-14T17:03:16-07:00,2,19
style.css,386,css,6d3ade65,Isabella Jiang,2026-04-14,17:12:15,-07:00,2026-04-14T17:12:15-07:00,2,18
style.css,387,css,16f9bb44,Isabella Jiang,2026-04-14,17:03:16,-07:00,2026-04-14T17:03:16-07:00,2,18
style.css,388,css,16f9bb44,Isabella Jiang,2026-04-14,17:03:16,-07:00,2026-04-14T17:03:16-07:00,0,0
style.css,389,css,16f9bb44,Isabella Jiang,2026-04-14,17:03:16,-07:00,2026-04-14T17:03:16-07:00,0,0
style.css,390,css,6d3ade65,Isabella Jiang,2026-04-14,17:12:15,-07:00,2026-04-14T17:12:15-07:00,0,17
style.css,391,css,16f9bb44,Isabella Jiang,2026-04-14,17:03:16,-07:00,2026-04-14T17:03:16-07:00,2,21
style.css,392,css,16f9bb44,Isabella Jiang,2026-04-14,17:03:16,-07:00,2026-04-14T17:03:16-07:00,0,0
style.css,393,css,16f9bb44,Isabella Jiang,2026-04-14,17:03:16,-07:00,2026-04-14T17:03:16-07:00,0,0
style.css,394,css,6d3ade65,Isabella Jiang,2026-04-14,17:12:15,-07:00,2026-04-14T17:12:15-07:00,0,42
style.css,395,css,16f9bb44,Isabella Jiang,2026-04-14,17:03:16,-07:00,2026-04-14T17:03:16-07:00,2,18
style.css,396,css,16f9bb44,Isabella Jiang,2026-04-14,17:03:16,-07:00,2026-04-14T17:03:16-07:00,0,0
style.css,397,css,16f9bb44,Isabella Jiang,2026-04-14,17:03:16,-07:00,2026-04-14T17:03:16-07:00,0,0
style.css,398,css,6d3ade65,Isabella Jiang,2026-04-14,17:12:15,-07:00,2026-04-14T17:12:15-07:00,0,43
style.css,399,css,16f9bb44,Isabella Jiang,2026-04-14,17:03:16,-07:00,2026-04-14T17:03:16-07:00,2,18
style.css,400,css,bf263a0c,Isabella Jiang,2026-04-14,17:07:02,-07:00,2026-04-14T17:07:02-07:00,0,0
style.css,401,css,bf263a0c,Isabella Jiang,2026-04-14,17:07:02,-07:00,2026-04-14T17:07:02-07:00,0,0
style.css,402,css,6d3ade65,Isabella Jiang,2026-04-14,17:12:15,-07:00,2026-04-14T17:12:15-07:00,0,29
style.css,403,css,6d3ade65,Isabella Jiang,2026-04-14,17:12:15,-07:00,2026-04-14T17:12:15-07:00,0,33
style.css,404,css,bf263a0c,Isabella Jiang,2026-04-14,17:07:02,-07:00,2026-04-14T17:07:02-07:00,2,35
style.css,405,css,6d3ade65,Isabella Jiang,2026-04-14,17:12:15,-07:00,2026-04-14T17:12:15-07:00,2,41
style.css,406,css,6d3ade65,Isabella Jiang,2026-04-14,17:12:15,-07:00,2026-04-14T17:12:15-07:00,2,11
style.css,407,css,bf263a0c,Isabella Jiang,2026-04-14,17:07:02,-07:00,2026-04-14T17:07:02-07:00,0,0
style.css,408,css,bf263a0c,Isabella Jiang,2026-04-14,17:07:02,-07:00,2026-04-14T17:07:02-07:00,0,0
style.css,409,css,6d3ade65,Isabella Jiang,2026-04-14,17:12:15,-07:00,2026-04-14T17:12:15-07:00,0,35
style.css,410,css,6d3ade65,Isabella Jiang,2026-04-14,17:12:15,-07:00,2026-04-14T17:12:15-07:00,0,39
style.css,411,css,6d3ade65,Isabella Jiang,2026-04-14,17:12:15,-07:00,2026-04-14T17:12:15-07:00,2,12
style.css,412,css,6d3ade65,Isabella Jiang,2026-04-14,17:12:15,-07:00,2026-04-14T17:12:15-07:00,2,32
style.css,413,css,6d3ade65,Isabella Jiang,2026-04-14,17:12:15,-07:00,2026-04-14T17:12:15-07:00,2,43
style.css,414,css,bf263a0c,Isabella Jiang,2026-04-14,17:07:02,-07:00,2026-04-14T17:07:02-07:00,0,0
style.css,415,css,bf263a0c,Isabella Jiang,2026-04-14,17:07:02,-07:00,2026-04-14T17:07:02-07:00,0,0
style.css,416,css,6d3ade65,Isabella Jiang,2026-04-14,17:12:15,-07:00,2026-04-14T17:12:15-07:00,0,30
style.css,417,css,6d3ade65,Isabella Jiang,2026-04-14,17:12:15,-07:00,2026-04-14T17:12:15-07:00,0,34
style.css,418,css,6d3ade65,Isabella Jiang,2026-04-14,17:12:15,-07:00,2026-04-14T17:12:15-07:00,2,16
style.css,419,css,6d3ade65,Isabella Jiang,2026-04-14,17:12:15,-07:00,2026-04-14T17:12:15-07:00,2,24
style.css,420,css,6d3ade65,Isabella Jiang,2026-04-14,17:12:15,-07:00,2026-04-14T17:12:15-07:00,2,13
style.css,421,css,bf263a0c,Isabella Jiang,2026-04-14,17:07:02,-07:00,2026-04-14T17:07:02-07:00,0,0
style.css,422,css,bf263a0c,Isabella Jiang,2026-04-14,17:07:02,-07:00,2026-04-14T17:07:02-07:00,0,0
style.css,423,css,6d3ade65,Isabella Jiang,2026-04-14,17:12:15,-07:00,2026-04-14T17:12:15-07:00,0,36
style.css,424,css,6d3ade65,Isabella Jiang,2026-04-14,17:12:15,-07:00,2026-04-14T17:12:15-07:00,0,40
style.css,425,css,6d3ade65,Isabella Jiang,2026-04-14,17:12:15,-07:00,2026-04-14T17:12:15-07:00,2,12
style.css,426,css,6d3ade65,Isabella Jiang,2026-04-14,17:12:15,-07:00,2026-04-14T17:12:15-07:00,2,20
style.css,427,css,6d3ade65,Isabella Jiang,2026-04-14,17:12:15,-07:00,2026-04-14T17:12:15-07:00,2,44
style.css,428,css,bf263a0c,Isabella Jiang,2026-04-14,17:07:02,-07:00,2026-04-14T17:07:02-07:00,0,0
style.css,429,css,bf263a0c,Isabella Jiang,2026-04-14,17:07:02,-07:00,2026-04-14T17:07:02-07:00,0,0
style.css,430,css,6d3ade65,Isabella Jiang,2026-04-14,17:12:15,-07:00,2026-04-14T17:12:15-07:00,0,43
style.css,431,css,6d3ade65,Isabella Jiang,2026-04-14,17:12:15,-07:00,2026-04-14T17:12:15-07:00,2,18
style.css,432,css,96cf6f63,Isabella Jiang,2026-04-14,17:16:31,-07:00,2026-04-14T17:16:31-07:00,0,0
style.css,433,css,96cf6f63,Isabella Jiang,2026-04-14,17:16:31,-07:00,2026-04-14T17:16:31-07:00,0,0
style.css,434,css,96cf6f63,Isabella Jiang,2026-04-14,17:16:31,-07:00,2026-04-14T17:16:31-07:00,0,9
style.css,435,css,96cf6f63,Isabella Jiang,2026-04-14,17:16:31,-07:00,2026-04-14T17:16:31-07:00,2,12
style.css,436,css,96cf6f63,Isabella Jiang,2026-04-14,17:16:31,-07:00,2026-04-14T17:16:31-07:00,2,59
style.css,437,css,96cf6f63,Isabella Jiang,2026-04-14,17:16:31,-07:00,2026-04-14T17:16:31-07:00,2,10
style.css,438,css,96cf6f63,Isabella Jiang,2026-04-14,17:16:31,-07:00,2026-04-14T17:16:31-07:00,2,15
style.css,439,css,96cf6f63,Isabella Jiang,2026-04-14,17:16:31,-07:00,2026-04-14T17:16:31-07:00,0,0
style.css,440,css,96cf6f63,Isabella Jiang,2026-04-14,17:16:31,-07:00,2026-04-14T17:16:31-07:00,0,0
style.css,441,css,96cf6f63,Isabella Jiang,2026-04-14,17:16:31,-07:00,2026-04-14T17:16:31-07:00,0,17
style.css,442,css,96cf6f63,Isabella Jiang,2026-04-14,17:16:31,-07:00,2026-04-14T17:16:31-07:00,2,12
style.css,443,css,96cf6f63,Isabella Jiang,2026-04-14,17:16:31,-07:00,2026-04-14T17:16:31-07:00,2,26
style.css,444,css,96cf6f63,Isabella Jiang,2026-04-14,17:16:31,-07:00,2026-04-14T17:16:31-07:00,2,15
style.css,445,css,96cf6f63,Isabella Jiang,2026-04-14,17:16:31,-07:00,2026-04-14T17:16:31-07:00,2,18
style.css,446,css,96cf6f63,Isabella Jiang,2026-04-14,17:16:31,-07:00,2026-04-14T17:16:31-07:00,2,12
style.css,447,css,96cf6f63,Isabella Jiang,2026-04-14,17:16:31,-07:00,2026-04-14T17:16:31-07:00,2,19
style.css,448,css,96cf6f63,Isabella Jiang,2026-04-14,17:16:31,-07:00,2026-04-14T17:16:31-07:00,0,0
style.css,449,css,96cf6f63,Isabella Jiang,2026-04-14,17:16:31,-07:00,2026-04-14T17:16:31-07:00,0,0
style.css,450,css,96cf6f63,Isabella Jiang,2026-04-14,17:16:31,-07:00,2026-04-14T17:16:31-07:00,0,12
style.css,451,css,96cf6f63,Isabella Jiang,2026-04-14,17:16:31,-07:00,2026-04-14T17:16:31-07:00,2,19
style.css,452,css,96cf6f63,Isabella Jiang,2026-04-14,17:16:31,-07:00,2026-04-14T17:16:31-07:00,2,16
style.css,453,css,96cf6f63,Isabella Jiang,2026-04-14,17:16:31,-07:00,2026-04-14T17:16:31-07:00,0,0
style.css,454,css,96cf6f63,Isabella Jiang,2026-04-14,17:16:31,-07:00,2026-04-14T17:16:31-07:00,0,0
style.css,455,css,96cf6f63,Isabella Jiang,2026-04-14,17:16:31,-07:00,2026-04-14T17:16:31-07:00,0,13
style.css,456,css,96cf6f63,Isabella Jiang,2026-04-14,17:16:31,-07:00,2026-04-14T17:16:31-07:00,2,10
style.css,457,css,96cf6f63,Isabella Jiang,2026-04-14,17:16:31,-07:00,2026-04-14T17:16:31-07:00,2,11
style.css,458,css,96cf6f63,Isabella Jiang,2026-04-14,17:16:31,-07:00,2026-04-14T17:16:31-07:00,2,17
style.css,459,css,96cf6f63,Isabella Jiang,2026-04-14,17:16:31,-07:00,2026-04-14T17:16:31-07:00,2,20
style.css,460,css,96cf6f63,Isabella Jiang,2026-04-14,17:16:31,-07:00,2026-04-14T17:16:31-07:00,0,0
style.css,461,css,96cf6f63,Isabella Jiang,2026-04-14,17:16:31,-07:00,2026-04-14T17:16:31-07:00,0,0
style.css,462,css,96cf6f63,Isabella Jiang,2026-04-14,17:16:31,-07:00,2026-04-14T17:16:31-07:00,0,11
style.css,463,css,96cf6f63,Isabella Jiang,2026-04-14,17:16:31,-07:00,2026-04-14T17:16:31-07:00,2,8
style.css,464,css,96cf6f63,Isabella Jiang,2026-04-14,17:16:31,-07:00,2026-04-14T17:16:31-07:00,2,15
style.css,465,css,96cf6f63,Isabella Jiang,2026-04-14,17:16:31,-07:00,2026-04-14T17:16:31-07:00,0,0
style.css,466,css,96cf6f63,Isabella Jiang,2026-04-14,17:16:31,-07:00,2026-04-14T17:16:31-07:00,0,0
style.css,467,css,96cf6f63,Isabella Jiang,2026-04-14,17:16:31,-07:00,2026-04-14T17:16:31-07:00,0,42
style.css,468,css,96cf6f63,Isabella Jiang,2026-04-14,17:16:31,-07:00,2026-04-14T17:16:31-07:00,2,36
style.css,469,css,96cf6f63,Isabella Jiang,2026-04-14,17:16:31,-07:00,2026-04-14T17:16:31-07:00,2,41
style.css,470,css,96cf6f63,Isabella Jiang,2026-04-14,17:16:31,-07:00,2026-04-14T17:16:31-07:00,0,0
style.css,471,css,96cf6f63,Isabella Jiang,2026-04-14,17:16:31,-07:00,2026-04-14T17:16:31-07:00,0,0
style.css,472,css,96cf6f63,Isabella Jiang,2026-04-14,17:16:31,-07:00,2026-04-14T17:16:31-07:00,0,48
style.css,473,css,96cf6f63,Isabella Jiang,2026-04-14,17:16:31,-07:00,2026-04-14T17:16:31-07:00,2,35
style.css,474,css,96cf6f63,Isabella Jiang,2026-04-14,17:16:31,-07:00,2026-04-14T17:16:31-07:00,2,26
style.css,475,css,96cf6f63,Isabella Jiang,2026-04-14,17:16:31,-07:00,2026-04-14T17:16:31-07:00,0,0
style.css,476,css,96cf6f63,Isabella Jiang,2026-04-14,17:16:31,-07:00,2026-04-14T17:16:31-07:00,0,0
style.css,477,css,96cf6f63,Isabella Jiang,2026-04-14,17:16:31,-07:00,2026-04-14T17:16:31-07:00,0,36
style.css,478,css,96cf6f63,Isabella Jiang,2026-04-14,17:16:31,-07:00,2026-04-14T17:16:31-07:00,2,10
style.css,479,css,96cf6f63,Isabella Jiang,2026-04-14,17:16:31,-07:00,2026-04-14T17:16:31-07:00,0,0
style.css,480,css,96cf6f63,Isabella Jiang,2026-04-14,17:16:31,-07:00,2026-04-14T17:16:31-07:00,0,0
style.css,481,css,96cf6f63,Isabella Jiang,2026-04-14,17:16:31,-07:00,2026-04-14T17:16:31-07:00,0,43
style.css,482,css,96cf6f63,Isabella Jiang,2026-04-14,17:16:31,-07:00,2026-04-14T17:16:31-07:00,2,16
style.css,483,css,96cf6f63,Isabella Jiang,2026-04-14,17:16:31,-07:00,2026-04-14T17:16:31-07:00,2,41
style.css,484,css,96cf6f63,Isabella Jiang,2026-04-14,17:16:31,-07:00,2026-04-14T17:16:31-07:00,2,40
style.css,485,css,96cf6f63,Isabella Jiang,2026-04-14,17:16:31,-07:00,2026-04-14T17:16:31-07:00,0,0
style.css,486,css,96cf6f63,Isabella Jiang,2026-04-14,17:16:31,-07:00,2026-04-14T17:16:31-07:00,0,0
style.css,487,css,96cf6f63,Isabella Jiang,2026-04-14,17:16:31,-07:00,2026-04-14T17:16:31-07:00,0,49
style.css,488,css,96cf6f63,Isabella Jiang,2026-04-14,17:16:31,-07:00,2026-04-14T17:16:31-07:00,2,26
style.css,489,css,96cf6f63,Isabella Jiang,2026-04-14,17:16:31,-07:00,2026-04-14T17:16:31-07:00,2,40
style.css,490,css,96cf6f63,Isabella Jiang,2026-04-14,17:16:31,-07:00,2026-04-14T17:16:31-07:00,0,0
style.css,491,css,96cf6f63,Isabella Jiang,2026-04-14,17:16:31,-07:00,2026-04-14T17:16:31-07:00,0,0
style.css,492,css,96cf6f63,Isabella Jiang,2026-04-14,17:16:31,-07:00,2026-04-14T17:16:31-07:00,0,37
style.css,493,css,96cf6f63,Isabella Jiang,2026-04-14,17:16:31,-07:00,2026-04-14T17:16:31-07:00,2,10
style.css,494,css,96cf6f63,Isabella Jiang,2026-04-14,17:16:31,-07:00,2026-04-14T17:16:31-07:00,0,0
style.css,495,css,96cf6f63,Isabella Jiang,2026-04-14,17:16:31,-07:00,2026-04-14T17:16:31-07:00,0,0
style.css,496,css,96cf6f63,Isabella Jiang,2026-04-14,17:16:31,-07:00,2026-04-14T17:16:31-07:00,0,25
style.css,497,css,96cf6f63,Isabella Jiang,2026-04-14,17:16:31,-07:00,2026-04-14T17:16:31-07:00,2,9
style.css,498,css,96cf6f63,Isabella Jiang,2026-04-14,17:16:31,-07:00,2026-04-14T17:16:31-07:00,4,25
style.css,499,css,96cf6f63,Isabella Jiang,2026-04-14,17:16:31,-07:00,2026-04-14T17:16:31-07:00,2,0
style.css,500,css,2c923a59,Isabella Jiang,2026-04-21,16:33:35,-07:00,2026-04-21T16:33:35-07:00,0,0
style.css,501,css,2c923a59,Isabella Jiang,2026-04-21,16:33:35,-07:00,2026-04-21T16:33:35-07:00,0,0
style.css,502,css,2c923a59,Isabella Jiang,2026-04-21,16:33:35,-07:00,2026-04-21T16:33:35-07:00,0,14
style.css,503,css,2c923a59,Isabella Jiang,2026-04-21,16:33:35,-07:00,2026-04-21T16:33:35-07:00,2,15
style.css,504,css,2c923a59,Isabella Jiang,2026-04-21,16:33:35,-07:00,2026-04-21T16:33:35-07:00,2,12
style.css,505,css,2c923a59,Isabella Jiang,2026-04-21,16:33:35,-07:00,2026-04-21T16:33:35-07:00,2,18
style.css,506,css,2c923a59,Isabella Jiang,2026-04-21,16:33:35,-07:00,2026-04-21T16:33:35-07:00,0,0
style.css,507,css,2c923a59,Isabella Jiang,2026-04-21,16:33:35,-07:00,2026-04-21T16:33:35-07:00,0,0
style.css,508,css,2c923a59,Isabella Jiang,2026-04-21,16:33:35,-07:00,2026-04-21T16:33:35-07:00,0,17
style.css,509,css,2c923a59,Isabella Jiang,2026-04-21,16:33:35,-07:00,2026-04-21T16:33:35-07:00,2,12
style.css,510,css,2c923a59,Isabella Jiang,2026-04-21,16:33:35,-07:00,2026-04-21T16:33:35-07:00,2,36
style.css,511,css,2c923a59,Isabella Jiang,2026-04-21,16:33:35,-07:00,2026-04-21T16:33:35-07:00,2,8
style.css,512,css,2c923a59,Isabella Jiang,2026-04-21,16:33:35,-07:00,2026-04-21T16:33:35-07:00,2,17
style.css,513,css,2c923a59,Isabella Jiang,2026-04-21,16:33:35,-07:00,2026-04-21T16:33:35-07:00,2,8
style.css,514,css,2c923a59,Isabella Jiang,2026-04-21,16:33:35,-07:00,2026-04-21T16:33:35-07:00,0,0
style.css,515,css,2c923a59,Isabella Jiang,2026-04-21,16:33:35,-07:00,2026-04-21T16:33:35-07:00,0,0
style.css,516,css,2c923a59,Isabella Jiang,2026-04-21,16:33:35,-07:00,2026-04-21T16:33:35-07:00,0,17
style.css,517,css,2c923a59,Isabella Jiang,2026-04-21,16:33:35,-07:00,2026-04-21T16:33:35-07:00,2,16
style.css,518,css,2c923a59,Isabella Jiang,2026-04-21,16:33:35,-07:00,2026-04-21T16:33:35-07:00,2,10
style.css,519,css,2c923a59,Isabella Jiang,2026-04-21,16:33:35,-07:00,2026-04-21T16:33:35-07:00,0,0
style.css,520,css,2c923a59,Isabella Jiang,2026-04-21,16:33:35,-07:00,2026-04-21T16:33:35-07:00,0,0
style.css,521,css,2c923a59,Isabella Jiang,2026-04-21,16:33:35,-07:00,2026-04-21T16:33:35-07:00,0,17
style.css,522,css,2c923a59,Isabella Jiang,2026-04-21,16:33:35,-07:00,2026-04-21T16:33:35-07:00,2,8
style.css,523,css,2c923a59,Isabella Jiang,2026-04-21,16:33:35,-07:00,2026-04-21T16:33:35-07:00,2,16
style.css,524,css,2c923a59,Isabella Jiang,2026-04-21,16:33:35,-07:00,2026-04-21T16:33:35-07:00,2,15
style.css,525,css,2c923a59,Isabella Jiang,2026-04-21,16:33:35,-07:00,2026-04-21T16:33:35-07:00,2,10
style.css,526,css,2c923a59,Isabella Jiang,2026-04-21,16:33:35,-07:00,2026-04-21T16:33:35-07:00,0,0
style.css,527,css,2c923a59,Isabella Jiang,2026-04-21,16:33:35,-07:00,2026-04-21T16:33:35-07:00,0,0
style.css,528,css,2c923a59,Isabella Jiang,2026-04-21,16:33:35,-07:00,2026-04-21T16:33:35-07:00,0,39
style.css,529,css,2c923a59,Isabella Jiang,2026-04-21,16:33:35,-07:00,2026-04-21T16:33:35-07:00,2,36
style.css,530,css,2c923a59,Isabella Jiang,2026-04-21,16:33:35,-07:00,2026-04-21T16:33:35-07:00,0,0
style.css,531,css,2c923a59,Isabella Jiang,2026-04-21,16:33:35,-07:00,2026-04-21T16:33:35-07:00,0,0
style.css,532,css,2c923a59,Isabella Jiang,2026-04-21,16:33:35,-07:00,2026-04-21T16:33:35-07:00,0,40
style.css,533,css,2c923a59,Isabella Jiang,2026-04-21,16:33:35,-07:00,2026-04-21T16:33:35-07:00,2,30
style.css,534,css,2c923a59,Isabella Jiang,2026-04-21,16:33:35,-07:00,2026-04-21T16:33:35-07:00,2,41
style.css,535,css,2c923a59,Isabella Jiang,2026-04-21,16:33:35,-07:00,2026-04-21T16:33:35-07:00,0,0
style.css,536,css,2c923a59,Isabella Jiang,2026-04-21,16:33:35,-07:00,2026-04-21T16:33:35-07:00,0,0
style.css,537,css,2c923a59,Isabella Jiang,2026-04-21,16:33:35,-07:00,2026-04-21T16:33:35-07:00,0,25
style.css,538,css,2c923a59,Isabella Jiang,2026-04-21,16:33:35,-07:00,2026-04-21T16:33:35-07:00,2,17
style.css,539,css,2c923a59,Isabella Jiang,2026-04-21,16:33:35,-07:00,2026-04-21T16:33:35-07:00,4,36
style.css,540,css,2c923a59,Isabella Jiang,2026-04-21,16:33:35,-07:00,2026-04-21T16:33:35-07:00,2,0
style.css,541,css,8ea14063,Isabella Jiang,2026-04-21,16:35:54,-07:00,2026-04-21T16:35:54-07:00,0,0
style.css,542,css,8ea14063,Isabella Jiang,2026-04-21,16:35:54,-07:00,2026-04-21T16:35:54-07:00,0,0
style.css,543,css,8ea14063,Isabella Jiang,2026-04-21,16:35:54,-07:00,2026-04-21T16:35:54-07:00,0,17
style.css,544,css,8ea14063,Isabella Jiang,2026-04-21,16:35:54,-07:00,2026-04-21T16:35:54-07:00,2,12
style.css,545,css,8ea14063,Isabella Jiang,2026-04-21,16:35:54,-07:00,2026-04-21T16:35:54-07:00,2,21
style.css,546,css,8ea14063,Isabella Jiang,2026-04-21,16:35:54,-07:00,2026-04-21T16:35:54-07:00,2,20
style.css,547,css,8ea14063,Isabella Jiang,2026-04-21,16:35:54,-07:00,2026-04-21T16:35:54-07:00,2,24
style.css,548,css,8ea14063,Isabella Jiang,2026-04-21,16:35:54,-07:00,2026-04-21T16:35:54-07:00,0,0
style.css,549,css,8ea14063,Isabella Jiang,2026-04-21,16:35:54,-07:00,2026-04-21T16:35:54-07:00,0,0
style.css,550,css,8ea14063,Isabella Jiang,2026-04-21,16:35:54,-07:00,2026-04-21T16:35:54-07:00,0,11
style.css,551,css,8ea14063,Isabella Jiang,2026-04-21,16:35:54,-07:00,2026-04-21T16:35:54-07:00,2,15
style.css,552,css,8ea14063,Isabella Jiang,2026-04-21,16:35:54,-07:00,2026-04-21T16:35:54-07:00,2,19
style.css,553,css,8ea14063,Isabella Jiang,2026-04-21,16:35:54,-07:00,2026-04-21T16:35:54-07:00,2,20
style.css,554,css,8ea14063,Isabella Jiang,2026-04-21,16:35:54,-07:00,2026-04-21T16:35:54-07:00,2,27
style.css,555,css,eb74a544,Isabella Jiang,2026-04-29,13:37:16,-07:00,2026-04-29T13:37:16-07:00,0,0
style.css,556,css,eb74a544,Isabella Jiang,2026-04-29,13:37:16,-07:00,2026-04-29T13:37:16-07:00,0,0
style.css,557,css,eb74a544,Isabella Jiang,2026-04-29,13:37:16,-07:00,2026-04-29T13:37:16-07:00,0,18
style.css,558,css,eb74a544,Isabella Jiang,2026-04-29,13:37:16,-07:00,2026-04-29T13:37:16-07:00,2,14
style.css,559,css,eb74a544,Isabella Jiang,2026-04-29,13:37:16,-07:00,2026-04-29T13:37:16-07:00,2,16
style.css,560,css,eb74a544,Isabella Jiang,2026-04-29,13:37:16,-07:00,2026-04-29T13:37:16-07:00,2,16
style.css,561,css,6652bc2c,Isabella Jiang,2026-04-29,14:06:01,-07:00,2026-04-29T14:06:01-07:00,0,0
style.css,562,css,6652bc2c,Isabella Jiang,2026-04-29,14:06:01,-07:00,2026-04-29T14:06:01-07:00,0,0
style.css,563,css,6652bc2c,Isabella Jiang,2026-04-29,14:06:01,-07:00,2026-04-29T14:06:01-07:00,0,16
style.css,564,css,6652bc2c,Isabella Jiang,2026-04-29,14:06:01,-07:00,2026-04-29T14:06:01-07:00,2,12
style.css,565,css,6652bc2c,Isabella Jiang,2026-04-29,14:06:01,-07:00,2026-04-29T14:06:01-07:00,2,14
style.css,566,css,6652bc2c,Isabella Jiang,2026-04-29,14:06:01,-07:00,2026-04-29T14:06:01-07:00,2,8
style.css,567,css,6652bc2c,Isabella Jiang,2026-04-29,14:06:01,-07:00,2026-04-29T14:06:01-07:00,2,18
style.css,568,css,6652bc2c,Isabella Jiang,2026-04-29,14:06:01,-07:00,2026-04-29T14:06:01-07:00,2,18
style.css,569,css,6652bc2c,Isabella Jiang,2026-04-29,14:06:01,-07:00,2026-04-29T14:06:01-07:00,0,0
style.css,570,css,6652bc2c,Isabella Jiang,2026-04-29,14:06:01,-07:00,2026-04-29T14:06:01-07:00,0,0
style.css,571,css,6652bc2c,Isabella Jiang,2026-04-29,14:06:01,-07:00,2026-04-29T14:06:01-07:00,0,7
style.css,572,css,6652bc2c,Isabella Jiang,2026-04-29,14:06:01,-07:00,2026-04-29T14:06:01-07:00,2,12
style.css,573,css,6652bc2c,Isabella Jiang,2026-04-29,14:06:01,-07:00,2026-04-29T14:06:01-07:00,2,57
style.css,574,css,6652bc2c,Isabella Jiang,2026-04-29,14:06:01,-07:00,2026-04-29T14:06:01-07:00,2,10
style.css,575,css,6652bc2c,Isabella Jiang,2026-04-29,14:06:01,-07:00,2026-04-29T14:06:01-07:00,2,15
style.css,576,css,6652bc2c,Isabella Jiang,2026-04-29,14:06:01,-07:00,2026-04-29T14:06:01-07:00,2,12
style.css,577,css,6652bc2c,Isabella Jiang,2026-04-29,14:06:01,-07:00,2026-04-29T14:06:01-07:00,2,8
style.css,578,css,6652bc2c,Isabella Jiang,2026-04-29,14:06:01,-07:00,2026-04-29T14:06:01-07:00,2,41
style.css,579,css,6652bc2c,Isabella Jiang,2026-04-29,14:06:01,-07:00,2026-04-29T14:06:01-07:00,2,18
style.css,580,css,6652bc2c,Isabella Jiang,2026-04-29,14:06:01,-07:00,2026-04-29T14:06:01-07:00,2,36
style.css,581,css,6652bc2c,Isabella Jiang,2026-04-29,14:06:01,-07:00,2026-04-29T14:06:01-07:00,2,6
style.css,582,css,6652bc2c,Isabella Jiang,2026-04-29,14:06:01,-07:00,2026-04-29T14:06:01-07:00,0,0
style.css,583,css,6652bc2c,Isabella Jiang,2026-04-29,14:06:01,-07:00,2026-04-29T14:06:01-07:00,0,0
style.css,584,css,6652bc2c,Isabella Jiang,2026-04-29,14:06:01,-07:00,2026-04-29T14:06:01-07:00,0,12
style.css,585,css,6652bc2c,Isabella Jiang,2026-04-29,14:06:01,-07:00,2026-04-29T14:06:01-07:00,2,12
style.css,586,css,6652bc2c,Isabella Jiang,2026-04-29,14:06:01,-07:00,2026-04-29T14:06:01-07:00,2,18
style.css,587,css,6652bc2c,Isabella Jiang,2026-04-29,14:06:01,-07:00,2026-04-29T14:06:01-07:00,2,10
style.css,588,css,6652bc2c,Isabella Jiang,2026-04-29,14:06:01,-07:00,2026-04-29T14:06:01-07:00,2,21
style.css,589,css,6652bc2c,Isabella Jiang,2026-04-29,14:06:01,-07:00,2026-04-29T14:06:01-07:00,2,17
style.css,590,css,6652bc2c,Isabella Jiang,2026-04-29,14:06:01,-07:00,2026-04-29T14:06:01-07:00,2,19
style.css,591,css,6652bc2c,Isabella Jiang,2026-04-29,14:06:01,-07:00,2026-04-29T14:06:01-07:00,0,0
style.css,592,css,6652bc2c,Isabella Jiang,2026-04-29,14:06:01,-07:00,2026-04-29T14:06:01-07:00,0,0
style.css,593,css,6652bc2c,Isabella Jiang,2026-04-29,14:06:01,-07:00,2026-04-29T14:06:01-07:00,0,7
style.css,594,css,6652bc2c,Isabella Jiang,2026-04-29,14:06:01,-07:00,2026-04-29T14:06:01-07:00,2,20
style.css,595,css,6652bc2c,Isabella Jiang,2026-04-29,14:06:01,-07:00,2026-04-29T14:06:01-07:00,2,9
style.css,596,css,6652bc2c,Isabella Jiang,2026-04-29,14:06:01,-07:00,2026-04-29T14:06:01-07:00,2,10
style.css,597,css,6652bc2c,Isabella Jiang,2026-04-29,14:06:01,-07:00,2026-04-29T14:06:01-07:00,2,17
style.css,598,css,6652bc2c,Isabella Jiang,2026-04-29,14:06:01,-07:00,2026-04-29T14:06:01-07:00,2,29
style.css,599,css,6652bc2c,Isabella Jiang,2026-04-29,14:06:01,-07:00,2026-04-29T14:06:01-07:00,0,0
style.css,600,css,6652bc2c,Isabella Jiang,2026-04-29,14:06:01,-07:00,2026-04-29T14:06:01-07:00,0,0
style.css,601,css,6652bc2c,Isabella Jiang,2026-04-29,14:06:01,-07:00,2026-04-29T14:06:01-07:00,0,10
style.css,602,css,6652bc2c,Isabella Jiang,2026-04-29,14:06:01,-07:00,2026-04-29T14:06:01-07:00,2,17
style.css,603,css,6652bc2c,Isabella Jiang,2026-04-29,14:06:01,-07:00,2026-04-29T14:06:01-07:00,2,16
style.css,604,css,6652bc2c,Isabella Jiang,2026-04-29,14:06:01,-07:00,2026-04-29T14:06:01-07:00,2,10
style.css,605,css,6652bc2c,Isabella Jiang,2026-04-29,14:06:01,-07:00,2026-04-29T14:06:01-07:00,0,0
style.css,606,css,6652bc2c,Isabella Jiang,2026-04-29,14:06:01,-07:00,2026-04-29T14:06:01-07:00,0,0
style.css,607,css,6652bc2c,Isabella Jiang,2026-04-29,14:06:01,-07:00,2026-04-29T14:06:01-07:00,0,7
style.css,608,css,6652bc2c,Isabella Jiang,2026-04-29,14:06:01,-07:00,2026-04-29T14:06:01-07:00,2,20
style.css,609,css,6652bc2c,Isabella Jiang,2026-04-29,14:06:01,-07:00,2026-04-29T14:06:01-07:00,2,9
style.css,610,css,6652bc2c,Isabella Jiang,2026-04-29,14:06:01,-07:00,2026-04-29T14:06:01-07:00,2,10
style.css,611,css,6652bc2c,Isabella Jiang,2026-04-29,14:06:01,-07:00,2026-04-29T14:06:01-07:00,2,17
style.css,612,css,6652bc2c,Isabella Jiang,2026-04-29,14:06:01,-07:00,2026-04-29T14:06:01-07:00,2,29
style.css,613,css,6652bc2c,Isabella Jiang,2026-04-29,14:06:01,-07:00,2026-04-29T14:06:01-07:00,2,39
style.css,614,css,6652bc2c,Isabella Jiang,2026-04-29,14:06:01,-07:00,2026-04-29T14:06:01-07:00,0,0
style.css,615,css,6652bc2c,Isabella Jiang,2026-04-29,14:06:01,-07:00,2026-04-29T14:06:01-07:00,0,0
style.css,616,css,6652bc2c,Isabella Jiang,2026-04-29,14:06:01,-07:00,2026-04-29T14:06:01-07:00,0,12
style.css,617,css,6652bc2c,Isabella Jiang,2026-04-29,14:06:01,-07:00,2026-04-29T14:06:01-07:00,2,12
style.css,618,css,6652bc2c,Isabella Jiang,2026-04-29,14:06:01,-07:00,2026-04-29T14:06:01-07:00,2,18
style.css,619,css,6652bc2c,Isabella Jiang,2026-04-29,14:06:01,-07:00,2026-04-29T14:06:01-07:00,2,10
style.css,620,css,6652bc2c,Isabella Jiang,2026-04-29,14:06:01,-07:00,2026-04-29T14:06:01-07:00,2,21
style.css,621,css,6652bc2c,Isabella Jiang,2026-04-29,14:06:01,-07:00,2026-04-29T14:06:01-07:00,2,18
style.css,622,css,6652bc2c,Isabella Jiang,2026-04-29,14:06:01,-07:00,2026-04-29T14:06:01-07:00,2,19
style.css,623,css,6652bc2c,Isabella Jiang,2026-04-29,14:06:01,-07:00,2026-04-29T14:06:01-07:00,2,14
style.css,624,css,6652bc2c,Isabella Jiang,2026-04-29,14:06:01,-07:00,2026-04-29T14:06:01-07:00,0,0
style.css,625,css,6652bc2c,Isabella Jiang,2026-04-29,14:06:01,-07:00,2026-04-29T14:06:01-07:00,0,0
style.css,626,css,6652bc2c,Isabella Jiang,2026-04-29,14:06:01,-07:00,2026-04-29T14:06:01-07:00,0,18
style.css,627,css,6652bc2c,Isabella Jiang,2026-04-29,14:06:01,-07:00,2026-04-29T14:06:01-07:00,2,36
style.css,628,css,6652bc2c,Isabella Jiang,2026-04-29,14:06:01,-07:00,2026-04-29T14:06:01-07:00,2,25
style.css,629,css,6652bc2c,Isabella Jiang,2026-04-29,14:06:01,-07:00,2026-04-29T14:06:01-07:00,0,0
style.css,630,css,6652bc2c,Isabella Jiang,2026-04-29,14:06:01,-07:00,2026-04-29T14:06:01-07:00,0,0
style.css,631,css,6652bc2c,Isabella Jiang,2026-04-29,14:06:01,-07:00,2026-04-29T14:06:01-07:00,0,32
style.css,632,css,6652bc2c,Isabella Jiang,2026-04-29,14:06:01,-07:00,2026-04-29T14:06:01-07:00,2,36
style.css,633,css,6652bc2c,Isabella Jiang,2026-04-29,14:06:01,-07:00,2026-04-29T14:06:01-07:00,2,41
style.css,634,css,6652bc2c,Isabella Jiang,2026-04-29,14:06:01,-07:00,2026-04-29T14:06:01-07:00,0,0
style.css,635,css,6652bc2c,Isabella Jiang,2026-04-29,14:06:01,-07:00,2026-04-29T14:06:01-07:00,0,0
style.css,636,css,6652bc2c,Isabella Jiang,2026-04-29,14:06:01,-07:00,2026-04-29T14:06:01-07:00,0,37
style.css,637,css,6652bc2c,Isabella Jiang,2026-04-29,14:06:01,-07:00,2026-04-29T14:06:01-07:00,2,10
style.css,638,css,6652bc2c,Isabella Jiang,2026-04-29,14:06:01,-07:00,2026-04-29T14:06:01-07:00,0,0
style.css,639,css,6652bc2c,Isabella Jiang,2026-04-29,14:06:01,-07:00,2026-04-29T14:06:01-07:00,0,0
style.css,640,css,6652bc2c,Isabella Jiang,2026-04-29,14:06:01,-07:00,2026-04-29T14:06:01-07:00,0,33
style.css,641,css,6652bc2c,Isabella Jiang,2026-04-29,14:06:01,-07:00,2026-04-29T14:06:01-07:00,2,30
style.css,642,css,6652bc2c,Isabella Jiang,2026-04-29,14:06:01,-07:00,2026-04-29T14:06:01-07:00,2,41
style.css,643,css,6652bc2c,Isabella Jiang,2026-04-29,14:06:01,-07:00,2026-04-29T14:06:01-07:00,0,0
style.css,644,css,6652bc2c,Isabella Jiang,2026-04-29,14:06:01,-07:00,2026-04-29T14:06:01-07:00,0,0
style.css,645,css,6652bc2c,Isabella Jiang,2026-04-29,14:06:01,-07:00,2026-04-29T14:06:01-07:00,0,38
style.css,646,css,6652bc2c,Isabella Jiang,2026-04-29,14:06:01,-07:00,2026-04-29T14:06:01-07:00,2,13
style.css,647,css,40606fc0,Isabella Jiang,2026-04-29,14:22:19,-07:00,2026-04-29T14:22:19-07:00,0,0
style.css,648,css,40606fc0,Isabella Jiang,2026-04-29,14:22:19,-07:00,2026-04-29T14:22:19-07:00,0,0
style.css,649,css,40606fc0,Isabella Jiang,2026-04-29,14:22:19,-07:00,2026-04-29T14:22:19-07:00,0,10
style.css,650,css,40606fc0,Isabella Jiang,2026-04-29,14:22:19,-07:00,2026-04-29T14:22:19-07:00,2,10
style.css,651,css,40606fc0,Isabella Jiang,2026-04-29,14:22:19,-07:00,2026-04-29T14:22:19-07:00,2,15
style.css,652,css,40606fc0,Isabella Jiang,2026-04-29,14:22:19,-07:00,2026-04-29T14:22:19-07:00,2,20
style.css,653,css,40606fc0,Isabella Jiang,2026-04-29,14:22:19,-07:00,2026-04-29T14:22:19-07:00,2,18
style.css,654,css,40606fc0,Isabella Jiang,2026-04-29,14:22:19,-07:00,2026-04-29T14:22:19-07:00,2,18
style.css,655,css,40606fc0,Isabella Jiang,2026-04-29,14:22:19,-07:00,2026-04-29T14:22:19-07:00,2,41
style.css,656,css,40606fc0,Isabella Jiang,2026-04-29,14:22:19,-07:00,2026-04-29T14:22:19-07:00,2,35
style.css,657,css,40606fc0,Isabella Jiang,2026-04-29,14:22:19,-07:00,2026-04-29T14:22:19-07:00,2,12
style.css,658,css,40606fc0,Isabella Jiang,2026-04-29,14:22:19,-07:00,2026-04-29T14:22:19-07:00,2,19
style.css,659,css,40606fc0,Isabella Jiang,2026-04-29,14:22:19,-07:00,2026-04-29T14:22:19-07:00,0,0
style.css,660,css,40606fc0,Isabella Jiang,2026-04-29,14:22:19,-07:00,2026-04-29T14:22:19-07:00,0,0
style.css,661,css,40606fc0,Isabella Jiang,2026-04-29,14:22:19,-07:00,2026-04-29T14:22:19-07:00,0,16
style.css,662,css,40606fc0,Isabella Jiang,2026-04-29,14:22:19,-07:00,2026-04-29T14:22:19-07:00,2,12
style.css,663,css,40606fc0,Isabella Jiang,2026-04-29,14:22:19,-07:00,2026-04-29T14:22:19-07:00,2,32
style.css,664,css,40606fc0,Isabella Jiang,2026-04-29,14:22:19,-07:00,2026-04-29T14:22:19-07:00,2,44
style.css,665,css,40606fc0,Isabella Jiang,2026-04-29,14:22:19,-07:00,2026-04-29T14:22:19-07:00,0,0
style.css,666,css,40606fc0,Isabella Jiang,2026-04-29,14:22:19,-07:00,2026-04-29T14:22:19-07:00,0,0
style.css,667,css,40606fc0,Isabella Jiang,2026-04-29,14:22:19,-07:00,2026-04-29T14:22:19-07:00,0,35
style.css,668,css,40606fc0,Isabella Jiang,2026-04-29,14:22:19,-07:00,2026-04-29T14:22:19-07:00,2,11
style.css,669,css,40606fc0,Isabella Jiang,2026-04-29,14:22:19,-07:00,2026-04-29T14:22:19-07:00,2,36
style.css,670,css,40606fc0,Isabella Jiang,2026-04-29,14:22:19,-07:00,2026-04-29T14:22:19-07:00,0,0
style.css,671,css,40606fc0,Isabella Jiang,2026-04-29,14:22:19,-07:00,2026-04-29T14:22:19-07:00,0,0
style.css,672,css,40606fc0,Isabella Jiang,2026-04-29,14:22:19,-07:00,2026-04-29T14:22:19-07:00,0,36
style.css,673,css,40606fc0,Isabella Jiang,2026-04-29,14:22:19,-07:00,2026-04-29T14:22:19-07:00,2,10
style.css,674,css,40606fc0,Isabella Jiang,2026-04-29,14:22:19,-07:00,2026-04-29T14:22:19-07:00,2,16
style.css,675,css,40606fc0,Isabella Jiang,2026-04-29,14:22:19,-07:00,2026-04-29T14:22:19-07:00,2,36
style.css,676,css,40606fc0,Isabella Jiang,2026-04-29,14:22:19,-07:00,2026-04-29T14:22:19-07:00,0,0
style.css,677,css,40606fc0,Isabella Jiang,2026-04-29,14:22:19,-07:00,2026-04-29T14:22:19-07:00,0,0
style.css,678,css,40606fc0,Isabella Jiang,2026-04-29,14:22:19,-07:00,2026-04-29T14:22:19-07:00,0,32
style.css,679,css,40606fc0,Isabella Jiang,2026-04-29,14:22:19,-07:00,2026-04-29T14:22:19-07:00,2,12
style.css,680,css,40606fc0,Isabella Jiang,2026-04-29,14:22:19,-07:00,2026-04-29T14:22:19-07:00,2,16
style.css,681,css,40606fc0,Isabella Jiang,2026-04-29,14:22:19,-07:00,2026-04-29T14:22:19-07:00,2,48
style.css,682,css,40606fc0,Isabella Jiang,2026-04-29,14:22:19,-07:00,2026-04-29T14:22:19-07:00,2,21
style.css,683,css,40606fc0,Isabella Jiang,2026-04-29,14:22:19,-07:00,2026-04-29T14:22:19-07:00,2,23
style.css,684,css,40606fc0,Isabella Jiang,2026-04-29,14:22:19,-07:00,2026-04-29T14:22:19-07:00,2,19
style.css,685,css,40606fc0,Isabella Jiang,2026-04-29,14:22:19,-07:00,2026-04-29T14:22:19-07:00,0,0
style.css,686,css,40606fc0,Isabella Jiang,2026-04-29,14:22:19,-07:00,2026-04-29T14:22:19-07:00,0,0
style.css,687,css,40606fc0,Isabella Jiang,2026-04-29,14:22:19,-07:00,2026-04-29T14:22:19-07:00,0,23
style.css,688,css,40606fc0,Isabella Jiang,2026-04-29,14:22:19,-07:00,2026-04-29T14:22:19-07:00,2,19
style.css,689,css,40606fc0,Isabella Jiang,2026-04-29,14:22:19,-07:00,2026-04-29T14:22:19-07:00,2,14
style.css,690,css,40606fc0,Isabella Jiang,2026-04-29,14:22:19,-07:00,2026-04-29T14:22:19-07:00,0,0
style.css,691,css,40606fc0,Isabella Jiang,2026-04-29,14:22:19,-07:00,2026-04-29T14:22:19-07:00,0,0
style.css,692,css,40606fc0,Isabella Jiang,2026-04-29,14:22:19,-07:00,2026-04-29T14:22:19-07:00,0,21
style.css,693,css,40606fc0,Isabella Jiang,2026-04-29,14:22:19,-07:00,2026-04-29T14:22:19-07:00,2,35
style.css,694,css,40606fc0,Isabella Jiang,2026-04-29,14:22:19,-07:00,2026-04-29T14:22:19-07:00,2,16
style.css,695,css,40606fc0,Isabella Jiang,2026-04-29,14:22:19,-07:00,2026-04-29T14:22:19-07:00,2,17
style.css,696,css,40606fc0,Isabella Jiang,2026-04-29,14:22:19,-07:00,2026-04-29T14:22:19-07:00,2,25
style.css,697,css,40606fc0,Isabella Jiang,2026-04-29,14:22:19,-07:00,2026-04-29T14:22:19-07:00,0,0
style.css,698,css,40606fc0,Isabella Jiang,2026-04-29,14:22:19,-07:00,2026-04-29T14:22:19-07:00,0,0
style.css,699,css,40606fc0,Isabella Jiang,2026-04-29,14:22:19,-07:00,2026-04-29T14:22:19-07:00,0,51
style.css,700,css,40606fc0,Isabella Jiang,2026-04-29,14:22:19,-07:00,2026-04-29T14:22:19-07:00,2,11
style.css,701,css,40606fc0,Isabella Jiang,2026-04-29,14:22:19,-07:00,2026-04-29T14:22:19-07:00,0,0
style.css,702,css,40606fc0,Isabella Jiang,2026-04-29,14:22:19,-07:00,2026-04-29T14:22:19-07:00,0,0
style.css,703,css,40606fc0,Isabella Jiang,2026-04-29,14:22:19,-07:00,2026-04-29T14:22:19-07:00,0,29
style.css,704,css,40606fc0,Isabella Jiang,2026-04-29,14:22:19,-07:00,2026-04-29T14:22:19-07:00,2,21
style.css,705,css,40606fc0,Isabella Jiang,2026-04-29,14:22:19,-07:00,2026-04-29T14:22:19-07:00,2,48
style.css,706,css,00000000,Not Committed Yet,2026-05-05,17:49:24,-07:00,2026-05-05T17:49:24-07:00,0,0
style.css,707,css,00000000,Not Committed Yet,2026-05-05,17:49:24,-07:00,2026-05-05T17:49:24-07:00,0,0
resume.html,1,html,0c6a2c03,Isabella Jiang,2026-04-01,20:03:23,-07:00,2026-04-01T20:03:23-07:00,0,13
resume.html,2,html,0c6a2c03,Isabella Jiang,2026-04-01,20:03:23,-07:00,2026-04-01T20:03:23-07:00,0,14
resume.html,3,html,0c6a2c03,Isabella Jiang,2026-04-01,20:03:23,-07:00,2026-04-01T20:03:23-07:00,0,4
resume.html,4,html,0c6a2c03,Isabella Jiang,2026-04-01,20:03:23,-07:00,2026-04-01T20:03:23-07:00,2,20
resume.html,5,html,0c6a2c03,Isabella Jiang,2026-04-01,20:03:23,-07:00,2026-04-01T20:03:23-07:00,2,68
resume.html,6,html,0c6a2c03,Isabella Jiang,2026-04-01,20:03:23,-07:00,2026-04-01T20:03:23-07:00,2,38
resume.html,7,html,0c6a2c03,Isabella Jiang,2026-04-01,20:03:23,-07:00,2026-04-01T20:03:23-07:00,2,38
resume.html,8,html,6f77a711,Isabella Jiang,2026-04-14,14:48:35,-07:00,2026-04-14T14:48:35-07:00,2,45
resume.html,9,html,0c6a2c03,Isabella Jiang,2026-04-01,20:03:23,-07:00,2026-04-01T20:03:23-07:00,0,5
resume.html,10,html,0c6a2c03,Isabella Jiang,2026-04-01,20:03:23,-07:00,2026-04-01T20:03:23-07:00,0,4
resume.html,11,html,a5f1ef7f,Isabella Jiang,2026-04-07,15:12:24,-07:00,2026-04-07T15:12:24-07:00,2,0
resume.html,12,html,a5f1ef7f,Isabella Jiang,2026-04-07,15:12:24,-07:00,2026-04-07T15:12:24-07:00,2,21
resume.html,13,html,a5f1ef7f,Isabella Jiang,2026-04-07,15:12:24,-07:00,2026-04-07T15:12:24-07:00,2,0
resume.html,14,html,a5f1ef7f,Isabella Jiang,2026-04-07,15:12:24,-07:00,2026-04-07T15:12:24-07:00,2,19
resume.html,15,html,a5f1ef7f,Isabella Jiang,2026-04-07,15:12:24,-07:00,2026-04-07T15:12:24-07:00,2,24
resume.html,16,html,a5f1ef7f,Isabella Jiang,2026-04-07,15:12:24,-07:00,2026-04-07T15:12:24-07:00,4,74
resume.html,17,html,0c6a2c03,Isabella Jiang,2026-04-01,20:03:23,-07:00,2026-04-01T20:03:23-07:00,2,4
resume.html,18,html,a5f1ef7f,Isabella Jiang,2026-04-07,15:12:24,-07:00,2026-04-07T15:12:24-07:00,2,0
resume.html,19,html,a5f1ef7f,Isabella Jiang,2026-04-07,15:12:24,-07:00,2026-04-07T15:12:24-07:00,2,22
resume.html,20,html,a5f1ef7f,Isabella Jiang,2026-04-07,15:12:24,-07:00,2026-04-07T15:12:24-07:00,2,7
resume.html,21,html,a5f1ef7f,Isabella Jiang,2026-04-07,15:12:24,-07:00,2026-04-07T15:12:24-07:00,4,27
resume.html,22,html,04aa5713,Isabella Jiang,2026-04-15,00:54:48,-07:00,2026-04-15T00:54:48-07:00,4,325
resume.html,23,html,04aa5713,Isabella Jiang,2026-04-15,00:54:48,-07:00,2026-04-15T00:54:48-07:00,4,2
resume.html,24,html,a5f1ef7f,Isabella Jiang,2026-04-07,15:12:24,-07:00,2026-04-07T15:12:24-07:00,2,8
resume.html,25,html,a5f1ef7f,Isabella Jiang,2026-04-07,15:12:24,-07:00,2026-04-07T15:12:24-07:00,2,0
resume.html,26,html,04aa5713,Isabella Jiang,2026-04-15,00:54:48,-07:00,2026-04-15T00:54:48-07:00,4,0
resume.html,27,html,04aa5713,Isabella Jiang,2026-04-15,00:54:48,-07:00,2026-04-15T00:54:48-07:00,2,16
resume.html,28,html,04aa5713,Isabella Jiang,2026-04-15,00:54:48,-07:00,2026-04-15T00:54:48-07:00,2,7
resume.html,29,html,04aa5713,Isabella Jiang,2026-04-15,00:54:48,-07:00,2026-04-15T00:54:48-07:00,4,16
resume.html,30,html,04aa5713,Isabella Jiang,2026-04-15,00:54:48,-07:00,2026-04-15T00:54:48-07:00,4,0
resume.html,31,html,04aa5713,Isabella Jiang,2026-04-15,00:54:48,-07:00,2026-04-15T00:54:48-07:00,4,7
resume.html,32,html,04aa5713,Isabella Jiang,2026-04-15,00:54:48,-07:00,2026-04-15T00:54:48-07:00,6,49
resume.html,33,html,04aa5713,Isabella Jiang,2026-04-15,00:54:48,-07:00,2026-04-15T00:54:48-07:00,6,48
resume.html,34,html,04aa5713,Isabella Jiang,2026-04-15,00:54:48,-07:00,2026-04-15T00:54:48-07:00,6,55
resume.html,35,html,04aa5713,Isabella Jiang,2026-04-15,00:54:48,-07:00,2026-04-15T00:54:48-07:00,6,41
resume.html,36,html,04aa5713,Isabella Jiang,2026-04-15,00:54:48,-07:00,2026-04-15T00:54:48-07:00,4,8
resume.html,37,html,04aa5713,Isabella Jiang,2026-04-15,00:54:48,-07:00,2026-04-15T00:54:48-07:00,4,0
resume.html,38,html,04aa5713,Isabella Jiang,2026-04-15,00:54:48,-07:00,2026-04-15T00:54:48-07:00,4,7
resume.html,39,html,04aa5713,Isabella Jiang,2026-04-15,00:54:48,-07:00,2026-04-15T00:54:48-07:00,6,27
resume.html,40,html,04aa5713,Isabella Jiang,2026-04-15,00:54:48,-07:00,2026-04-15T00:54:48-07:00,6,74
resume.html,41,html,04aa5713,Isabella Jiang,2026-04-15,00:54:48,-07:00,2026-04-15T00:54:48-07:00,6,24
resume.html,42,html,04aa5713,Isabella Jiang,2026-04-15,00:54:48,-07:00,2026-04-15T00:54:48-07:00,6,47
resume.html,43,html,04aa5713,Isabella Jiang,2026-04-15,00:54:48,-07:00,2026-04-15T00:54:48-07:00,4,8
resume.html,44,html,04aa5713,Isabella Jiang,2026-04-15,00:54:48,-07:00,2026-04-15T00:54:48-07:00,2,8
resume.html,45,html,04aa5713,Isabella Jiang,2026-04-15,00:54:48,-07:00,2026-04-15T00:54:48-07:00,2,0
resume.html,46,html,04aa5713,Isabella Jiang,2026-04-15,00:54:48,-07:00,2026-04-15T00:54:48-07:00,2,23
resume.html,47,html,04aa5713,Isabella Jiang,2026-04-15,00:54:48,-07:00,2026-04-15T00:54:48-07:00,2,7
resume.html,48,html,04aa5713,Isabella Jiang,2026-04-15,00:54:48,-07:00,2026-04-15T00:54:48-07:00,4,23
resume.html,49,html,04aa5713,Isabella Jiang,2026-04-15,00:54:48,-07:00,2026-04-15T00:54:48-07:00,4,0
resume.html,50,html,04aa5713,Isabella Jiang,2026-04-15,00:54:48,-07:00,2026-04-15T00:54:48-07:00,4,7
resume.html,51,html,04aa5713,Isabella Jiang,2026-04-15,00:54:48,-07:00,2026-04-15T00:54:48-07:00,6,24
resume.html,52,html,04aa5713,Isabella Jiang,2026-04-15,00:54:48,-07:00,2026-04-15T00:54:48-07:00,6,2
resume.html,53,html,04aa5713,Isabella Jiang,2026-04-15,00:54:48,-07:00,2026-04-15T00:54:48-07:00,8,79
resume.html,54,html,04aa5713,Isabella Jiang,2026-04-15,00:54:48,-07:00,2026-04-15T00:54:48-07:00,8,107
resume.html,55,html,62299d9e,Isabella Jiang,2026-04-21,13:14:57,-07:00,2026-04-21T13:14:57-07:00,8,133
resume.html,56,html,62299d9e,Isabella Jiang,2026-04-21,13:14:57,-07:00,2026-04-21T13:14:57-07:00,8,204
resume.html,57,html,04aa5713,Isabella Jiang,2026-04-15,00:54:48,-07:00,2026-04-15T00:54:48-07:00,6,3
resume.html,58,html,04aa5713,Isabella Jiang,2026-04-15,00:54:48,-07:00,2026-04-15T00:54:48-07:00,4,8
resume.html,59,html,04aa5713,Isabella Jiang,2026-04-15,00:54:48,-07:00,2026-04-15T00:54:48-07:00,2,8
resume.html,60,html,04aa5713,Isabella Jiang,2026-04-15,00:54:48,-07:00,2026-04-15T00:54:48-07:00,0,0
resume.html,61,html,a5f1ef7f,Isabella Jiang,2026-04-07,15:12:24,-07:00,2026-04-07T15:12:24-07:00,2,22
resume.html,62,html,a5f1ef7f,Isabella Jiang,2026-04-07,15:12:24,-07:00,2026-04-07T15:12:24-07:00,2,7
resume.html,63,html,a5f1ef7f,Isabella Jiang,2026-04-07,15:12:24,-07:00,2026-04-07T15:12:24-07:00,4,22
resume.html,64,html,a5f1ef7f,Isabella Jiang,2026-04-07,15:12:24,-07:00,2026-04-07T15:12:24-07:00,4,0
resume.html,65,html,a5f1ef7f,Isabella Jiang,2026-04-07,15:12:24,-07:00,2026-04-07T15:12:24-07:00,4,7
resume.html,66,html,a5f1ef7f,Isabella Jiang,2026-04-07,15:12:24,-07:00,2026-04-07T15:12:24-07:00,6,6
resume.html,67,html,a5f1ef7f,Isabella Jiang,2026-04-07,15:12:24,-07:00,2026-04-07T15:12:24-07:00,8,17
resume.html,68,html,a5f1ef7f,Isabella Jiang,2026-04-07,15:12:24,-07:00,2026-04-07T15:12:24-07:00,8,86
resume.html,69,html,a5f1ef7f,Isabella Jiang,2026-04-07,15:12:24,-07:00,2026-04-07T15:12:24-07:00,6,7
resume.html,70,html,a5f1ef7f,Isabella Jiang,2026-04-07,15:12:24,-07:00,2026-04-07T15:12:24-07:00,6,2
resume.html,71,html,a5f1ef7f,Isabella Jiang,2026-04-07,15:12:24,-07:00,2026-04-07T15:12:24-07:00,8,178
resume.html,72,html,a5f1ef7f,Isabella Jiang,2026-04-07,15:12:24,-07:00,2026-04-07T15:12:24-07:00,8,127
resume.html,73,html,a5f1ef7f,Isabella Jiang,2026-04-07,15:12:24,-07:00,2026-04-07T15:12:24-07:00,6,3
resume.html,74,html,a5f1ef7f,Isabella Jiang,2026-04-07,15:12:24,-07:00,2026-04-07T15:12:24-07:00,4,8
resume.html,75,html,a5f1ef7f,Isabella Jiang,2026-04-07,15:12:24,-07:00,2026-04-07T15:12:24-07:00,4,0
resume.html,76,html,a5f1ef7f,Isabella Jiang,2026-04-07,15:12:24,-07:00,2026-04-07T15:12:24-07:00,4,7
resume.html,77,html,a5f1ef7f,Isabella Jiang,2026-04-07,15:12:24,-07:00,2026-04-07T15:12:24-07:00,6,6
resume.html,78,html,a5f1ef7f,Isabella Jiang,2026-04-07,15:12:24,-07:00,2026-04-07T15:12:24-07:00,8,26
resume.html,79,html,a5f1ef7f,Isabella Jiang,2026-04-07,15:12:24,-07:00,2026-04-07T15:12:24-07:00,8,135
resume.html,80,html,a5f1ef7f,Isabella Jiang,2026-04-07,15:12:24,-07:00,2026-04-07T15:12:24-07:00,6,7
resume.html,81,html,a5f1ef7f,Isabella Jiang,2026-04-07,15:12:24,-07:00,2026-04-07T15:12:24-07:00,6,2
resume.html,82,html,a5f1ef7f,Isabella Jiang,2026-04-07,15:12:24,-07:00,2026-04-07T15:12:24-07:00,8,129
resume.html,83,html,a5f1ef7f,Isabella Jiang,2026-04-07,15:12:24,-07:00,2026-04-07T15:12:24-07:00,8,118
resume.html,84,html,a5f1ef7f,Isabella Jiang,2026-04-07,15:12:24,-07:00,2026-04-07T15:12:24-07:00,6,3
resume.html,85,html,a5f1ef7f,Isabella Jiang,2026-04-07,15:12:24,-07:00,2026-04-07T15:12:24-07:00,4,8
resume.html,86,html,a5f1ef7f,Isabella Jiang,2026-04-07,15:12:24,-07:00,2026-04-07T15:12:24-07:00,4,0
resume.html,87,html,a5f1ef7f,Isabella Jiang,2026-04-07,15:12:24,-07:00,2026-04-07T15:12:24-07:00,4,7
resume.html,88,html,a5f1ef7f,Isabella Jiang,2026-04-07,15:12:24,-07:00,2026-04-07T15:12:24-07:00,6,6
resume.html,89,html,a5f1ef7f,Isabella Jiang,2026-04-07,15:12:24,-07:00,2026-04-07T15:12:24-07:00,8,50
resume.html,90,html,a5f1ef7f,Isabella Jiang,2026-04-07,15:12:24,-07:00,2026-04-07T15:12:24-07:00,8,153
resume.html,91,html,a5f1ef7f,Isabella Jiang,2026-04-07,15:12:24,-07:00,2026-04-07T15:12:24-07:00,6,7
resume.html,92,html,a5f1ef7f,Isabella Jiang,2026-04-07,15:12:24,-07:00,2026-04-07T15:12:24-07:00,6,2
resume.html,93,html,a5f1ef7f,Isabella Jiang,2026-04-07,15:12:24,-07:00,2026-04-07T15:12:24-07:00,8,145
resume.html,94,html,a5f1ef7f,Isabella Jiang,2026-04-07,15:12:24,-07:00,2026-04-07T15:12:24-07:00,8,148
resume.html,95,html,a5f1ef7f,Isabella Jiang,2026-04-07,15:12:24,-07:00,2026-04-07T15:12:24-07:00,8,125
resume.html,96,html,a5f1ef7f,Isabella Jiang,2026-04-07,15:12:24,-07:00,2026-04-07T15:12:24-07:00,6,3
resume.html,97,html,a5f1ef7f,Isabella Jiang,2026-04-07,15:12:24,-07:00,2026-04-07T15:12:24-07:00,4,8
resume.html,98,html,a5f1ef7f,Isabella Jiang,2026-04-07,15:12:24,-07:00,2026-04-07T15:12:24-07:00,4,0
resume.html,99,html,a5f1ef7f,Isabella Jiang,2026-04-07,15:12:24,-07:00,2026-04-07T15:12:24-07:00,4,7
resume.html,100,html,a5f1ef7f,Isabella Jiang,2026-04-07,15:12:24,-07:00,2026-04-07T15:12:24-07:00,6,6
resume.html,101,html,a5f1ef7f,Isabella Jiang,2026-04-07,15:12:24,-07:00,2026-04-07T15:12:24-07:00,8,57
resume.html,102,html,a5f1ef7f,Isabella Jiang,2026-04-07,15:12:24,-07:00,2026-04-07T15:12:24-07:00,8,132
resume.html,103,html,a5f1ef7f,Isabella Jiang,2026-04-07,15:12:24,-07:00,2026-04-07T15:12:24-07:00,6,7
resume.html,104,html,a5f1ef7f,Isabella Jiang,2026-04-07,15:12:24,-07:00,2026-04-07T15:12:24-07:00,6,2
resume.html,105,html,a5f1ef7f,Isabella Jiang,2026-04-07,15:12:24,-07:00,2026-04-07T15:12:24-07:00,8,100
resume.html,106,html,a5f1ef7f,Isabella Jiang,2026-04-07,15:12:24,-07:00,2026-04-07T15:12:24-07:00,8,136
resume.html,107,html,a5f1ef7f,Isabella Jiang,2026-04-07,15:12:24,-07:00,2026-04-07T15:12:24-07:00,6,3
resume.html,108,html,a5f1ef7f,Isabella Jiang,2026-04-07,15:12:24,-07:00,2026-04-07T15:12:24-07:00,4,8
resume.html,109,html,a5f1ef7f,Isabella Jiang,2026-04-07,15:12:24,-07:00,2026-04-07T15:12:24-07:00,2,8
resume.html,110,html,a5f1ef7f,Isabella Jiang,2026-04-07,15:12:24,-07:00,2026-04-07T15:12:24-07:00,2,0
resume.html,111,html,a5f1ef7f,Isabella Jiang,2026-04-07,15:12:24,-07:00,2026-04-07T15:12:24-07:00,2,26
resume.html,112,html,a5f1ef7f,Isabella Jiang,2026-04-07,15:12:24,-07:00,2026-04-07T15:12:24-07:00,2,7
resume.html,113,html,a5f1ef7f,Isabella Jiang,2026-04-07,15:12:24,-07:00,2026-04-07T15:12:24-07:00,4,26
resume.html,114,html,a5f1ef7f,Isabella Jiang,2026-04-07,15:12:24,-07:00,2026-04-07T15:12:24-07:00,4,0
resume.html,115,html,a5f1ef7f,Isabella Jiang,2026-04-07,15:12:24,-07:00,2026-04-07T15:12:24-07:00,4,7
resume.html,116,html,a5f1ef7f,Isabella Jiang,2026-04-07,15:12:24,-07:00,2026-04-07T15:12:24-07:00,6,59
resume.html,117,html,a5f1ef7f,Isabella Jiang,2026-04-07,15:12:24,-07:00,2026-04-07T15:12:24-07:00,6,65
resume.html,118,html,a5f1ef7f,Isabella Jiang,2026-04-07,15:12:24,-07:00,2026-04-07T15:12:24-07:00,6,2
resume.html,119,html,a5f1ef7f,Isabella Jiang,2026-04-07,15:12:24,-07:00,2026-04-07T15:12:24-07:00,8,168
resume.html,120,html,a5f1ef7f,Isabella Jiang,2026-04-07,15:12:24,-07:00,2026-04-07T15:12:24-07:00,8,221
resume.html,121,html,a5f1ef7f,Isabella Jiang,2026-04-07,15:12:24,-07:00,2026-04-07T15:12:24-07:00,8,112
resume.html,122,html,a5f1ef7f,Isabella Jiang,2026-04-07,15:12:24,-07:00,2026-04-07T15:12:24-07:00,6,3
resume.html,123,html,a5f1ef7f,Isabella Jiang,2026-04-07,15:12:24,-07:00,2026-04-07T15:12:24-07:00,6,84
resume.html,124,html,a5f1ef7f,Isabella Jiang,2026-04-07,15:12:24,-07:00,2026-04-07T15:12:24-07:00,6,2
resume.html,125,html,a5f1ef7f,Isabella Jiang,2026-04-07,15:12:24,-07:00,2026-04-07T15:12:24-07:00,8,211
resume.html,126,html,a5f1ef7f,Isabella Jiang,2026-04-07,15:12:24,-07:00,2026-04-07T15:12:24-07:00,8,178
resume.html,127,html,a5f1ef7f,Isabella Jiang,2026-04-07,15:12:24,-07:00,2026-04-07T15:12:24-07:00,6,3
resume.html,128,html,a5f1ef7f,Isabella Jiang,2026-04-07,15:12:24,-07:00,2026-04-07T15:12:24-07:00,4,8
resume.html,129,html,a5f1ef7f,Isabella Jiang,2026-04-07,15:12:24,-07:00,2026-04-07T15:12:24-07:00,4,0
resume.html,130,html,a5f1ef7f,Isabella Jiang,2026-04-07,15:12:24,-07:00,2026-04-07T15:12:24-07:00,4,7
resume.html,131,html,a5f1ef7f,Isabella Jiang,2026-04-07,15:12:24,-07:00,2026-04-07T15:12:24-07:00,6,69
resume.html,132,html,a5f1ef7f,Isabella Jiang,2026-04-07,15:12:24,-07:00,2026-04-07T15:12:24-07:00,6,2
resume.html,133,html,a5f1ef7f,Isabella Jiang,2026-04-07,15:12:24,-07:00,2026-04-07T15:12:24-07:00,8,135
resume.html,134,html,a5f1ef7f,Isabella Jiang,2026-04-07,15:12:24,-07:00,2026-04-07T15:12:24-07:00,8,122
resume.html,135,html,a5f1ef7f,Isabella Jiang,2026-04-07,15:12:24,-07:00,2026-04-07T15:12:24-07:00,8,130
resume.html,136,html,a5f1ef7f,Isabella Jiang,2026-04-07,15:12:24,-07:00,2026-04-07T15:12:24-07:00,6,3
resume.html,137,html,a5f1ef7f,Isabella Jiang,2026-04-07,15:12:24,-07:00,2026-04-07T15:12:24-07:00,4,8
resume.html,138,html,a5f1ef7f,Isabella Jiang,2026-04-07,15:12:24,-07:00,2026-04-07T15:12:24-07:00,4,0
resume.html,139,html,a5f1ef7f,Isabella Jiang,2026-04-07,15:12:24,-07:00,2026-04-07T15:12:24-07:00,4,7
resume.html,140,html,a5f1ef7f,Isabella Jiang,2026-04-07,15:12:24,-07:00,2026-04-07T15:12:24-07:00,6,61
resume.html,141,html,a5f1ef7f,Isabella Jiang,2026-04-07,15:12:24,-07:00,2026-04-07T15:12:24-07:00,6,2
resume.html,142,html,a5f1ef7f,Isabella Jiang,2026-04-07,15:12:24,-07:00,2026-04-07T15:12:24-07:00,8,175
resume.html,143,html,a5f1ef7f,Isabella Jiang,2026-04-07,15:12:24,-07:00,2026-04-07T15:12:24-07:00,8,93
resume.html,144,html,a5f1ef7f,Isabella Jiang,2026-04-07,15:12:24,-07:00,2026-04-07T15:12:24-07:00,6,3
resume.html,145,html,a5f1ef7f,Isabella Jiang,2026-04-07,15:12:24,-07:00,2026-04-07T15:12:24-07:00,4,8
resume.html,146,html,a5f1ef7f,Isabella Jiang,2026-04-07,15:12:24,-07:00,2026-04-07T15:12:24-07:00,4,0
resume.html,147,html,a5f1ef7f,Isabella Jiang,2026-04-07,15:12:24,-07:00,2026-04-07T15:12:24-07:00,4,7
resume.html,148,html,a5f1ef7f,Isabella Jiang,2026-04-07,15:12:24,-07:00,2026-04-07T15:12:24-07:00,6,72
resume.html,149,html,a5f1ef7f,Isabella Jiang,2026-04-07,15:12:24,-07:00,2026-04-07T15:12:24-07:00,6,2
resume.html,150,html,a5f1ef7f,Isabella Jiang,2026-04-07,15:12:24,-07:00,2026-04-07T15:12:24-07:00,8,128
resume.html,151,html,a5f1ef7f,Isabella Jiang,2026-04-07,15:12:24,-07:00,2026-04-07T15:12:24-07:00,8,121
resume.html,152,html,a5f1ef7f,Isabella Jiang,2026-04-07,15:12:24,-07:00,2026-04-07T15:12:24-07:00,6,3
resume.html,153,html,a5f1ef7f,Isabella Jiang,2026-04-07,15:12:24,-07:00,2026-04-07T15:12:24-07:00,4,8
resume.html,154,html,a5f1ef7f,Isabella Jiang,2026-04-07,15:12:24,-07:00,2026-04-07T15:12:24-07:00,2,8
resume.html,155,html,a5f1ef7f,Isabella Jiang,2026-04-07,15:12:24,-07:00,2026-04-07T15:12:24-07:00,2,0
resume.html,156,html,a5f1ef7f,Isabella Jiang,2026-04-07,15:12:24,-07:00,2026-04-07T15:12:24-07:00,2,15
resume.html,157,html,a5f1ef7f,Isabella Jiang,2026-04-07,15:12:24,-07:00,2026-04-07T15:12:24-07:00,2,7
resume.html,158,html,a5f1ef7f,Isabella Jiang,2026-04-07,15:12:24,-07:00,2026-04-07T15:12:24-07:00,4,15
resume.html,159,html,a5f1ef7f,Isabella Jiang,2026-04-07,15:12:24,-07:00,2026-04-07T15:12:24-07:00,4,0
resume.html,160,html,a5f1ef7f,Isabella Jiang,2026-04-07,15:12:24,-07:00,2026-04-07T15:12:24-07:00,4,7
resume.html,161,html,04aa5713,Isabella Jiang,2026-04-15,00:54:48,-07:00,2026-04-15T00:54:48-07:00,6,25
resume.html,162,html,04aa5713,Isabella Jiang,2026-04-15,00:54:48,-07:00,2026-04-15T00:54:48-07:00,8,42
resume.html,163,html,04aa5713,Isabella Jiang,2026-04-15,00:54:48,-07:00,2026-04-15T00:54:48-07:00,8,40
resume.html,164,html,04aa5713,Isabella Jiang,2026-04-15,00:54:48,-07:00,2026-04-15T00:54:48-07:00,6,4
resume.html,165,html,a5f1ef7f,Isabella Jiang,2026-04-07,15:12:24,-07:00,2026-04-07T15:12:24-07:00,6,2
resume.html,166,html,04aa5713,Isabella Jiang,2026-04-15,00:54:48,-07:00,2026-04-15T00:54:48-07:00,8,158
resume.html,167,html,04aa5713,Isabella Jiang,2026-04-15,00:54:48,-07:00,2026-04-15T00:54:48-07:00,8,190
resume.html,168,html,04aa5713,Isabella Jiang,2026-04-15,00:54:48,-07:00,2026-04-15T00:54:48-07:00,8,191
resume.html,169,html,04aa5713,Isabella Jiang,2026-04-15,00:54:48,-07:00,2026-04-15T00:54:48-07:00,8,221
resume.html,170,html,04aa5713,Isabella Jiang,2026-04-15,00:54:48,-07:00,2026-04-15T00:54:48-07:00,8,143
resume.html,171,html,a5f1ef7f,Isabella Jiang,2026-04-07,15:12:24,-07:00,2026-04-07T15:12:24-07:00,6,3
resume.html,172,html,a5f1ef7f,Isabella Jiang,2026-04-07,15:12:24,-07:00,2026-04-07T15:12:24-07:00,4,8
resume.html,173,html,a5f1ef7f,Isabella Jiang,2026-04-07,15:12:24,-07:00,2026-04-07T15:12:24-07:00,4,0
resume.html,174,html,a5f1ef7f,Isabella Jiang,2026-04-07,15:12:24,-07:00,2026-04-07T15:12:24-07:00,4,7
resume.html,175,html,04aa5713,Isabella Jiang,2026-04-15,00:54:48,-07:00,2026-04-15T00:54:48-07:00,6,75
resume.html,176,html,a5f1ef7f,Isabella Jiang,2026-04-07,15:12:24,-07:00,2026-04-07T15:12:24-07:00,6,2
resume.html,177,html,04aa5713,Isabella Jiang,2026-04-15,00:54:48,-07:00,2026-04-15T00:54:48-07:00,8,187
resume.html,178,html,04aa5713,Isabella Jiang,2026-04-15,00:54:48,-07:00,2026-04-15T00:54:48-07:00,8,142
resume.html,179,html,04aa5713,Isabella Jiang,2026-04-15,00:54:48,-07:00,2026-04-15T00:54:48-07:00,8,101
resume.html,180,html,a5f1ef7f,Isabella Jiang,2026-04-07,15:12:24,-07:00,2026-04-07T15:12:24-07:00,6,3
resume.html,181,html,a5f1ef7f,Isabella Jiang,2026-04-07,15:12:24,-07:00,2026-04-07T15:12:24-07:00,4,8
resume.html,182,html,04aa5713,Isabella Jiang,2026-04-15,00:54:48,-07:00,2026-04-15T00:54:48-07:00,2,8
resume.html,183,html,04aa5713,Isabella Jiang,2026-04-15,00:54:48,-07:00,2026-04-15T00:54:48-07:00,2,0
resume.html,184,html,04aa5713,Isabella Jiang,2026-04-15,00:54:48,-07:00,2026-04-15T00:54:48-07:00,2,36
resume.html,185,html,a5f1ef7f,Isabella Jiang,2026-04-07,15:12:24,-07:00,2026-04-07T15:12:24-07:00,4,7
resume.html,186,html,a5f1ef7f,Isabella Jiang,2026-04-07,15:12:24,-07:00,2026-04-07T15:12:24-07:00,6,16
resume.html,187,html,a5f1ef7f,Isabella Jiang,2026-04-07,15:12:24,-07:00,2026-04-07T15:12:24-07:00,6,2
resume.html,188,html,a5f1ef7f,Isabella Jiang,2026-04-07,15:12:24,-07:00,2026-04-07T15:12:24-07:00,8,28
resume.html,189,html,a5f1ef7f,Isabella Jiang,2026-04-07,15:12:24,-07:00,2026-04-07T15:12:24-07:00,8,29
resume.html,190,html,a5f1ef7f,Isabella Jiang,2026-04-07,15:12:24,-07:00,2026-04-07T15:12:24-07:00,8,30
resume.html,191,html,a5f1ef7f,Isabella Jiang,2026-04-07,15:12:24,-07:00,2026-04-07T15:12:24-07:00,6,3
resume.html,192,html,a5f1ef7f,Isabella Jiang,2026-04-07,15:12:24,-07:00,2026-04-07T15:12:24-07:00,4,8
resume.html,193,html,a5f1ef7f,Isabella Jiang,2026-04-07,15:12:24,-07:00,2026-04-07T15:12:24-07:00,2,8
resume.html,194,html,0c6a2c03,Isabella Jiang,2026-04-01,20:03:23,-07:00,2026-04-01T20:03:23-07:00,0,5
resume.html,195,html,0c6a2c03,Isabella Jiang,2026-04-01,20:03:23,-07:00,2026-04-01T20:03:23-07:00,0,5
index.js,1,js,2c923a59,Isabella Jiang,2026-04-21,16:33:35,-07:00,2026-04-21T16:33:35-07:00,0,71
index.js,2,js,2c923a59,Isabella Jiang,2026-04-21,16:33:35,-07:00,2026-04-21T16:33:35-07:00,0,0
index.js,3,js,2c923a59,Isabella Jiang,2026-04-21,16:33:35,-07:00,2026-04-21T16:33:35-07:00,0,35
index.js,4,js,2c923a59,Isabella Jiang,2026-04-21,16:33:35,-07:00,2026-04-21T16:33:35-07:00,1,54
index.js,5,js,2c923a59,Isabella Jiang,2026-04-21,16:33:35,-07:00,2026-04-21T16:33:35-07:00,1,42
index.js,6,js,2c923a59,Isabella Jiang,2026-04-21,16:33:35,-07:00,2026-04-21T16:33:35-07:00,1,60
index.js,7,js,2c923a59,Isabella Jiang,2026-04-21,16:33:35,-07:00,2026-04-21T16:33:35-07:00,1,0
index.js,8,js,2c923a59,Isabella Jiang,2026-04-21,16:33:35,-07:00,2026-04-21T16:33:35-07:00,1,22
index.js,9,js,2c923a59,Isabella Jiang,2026-04-21,16:33:35,-07:00,2026-04-21T16:33:35-07:00,2,54
index.js,10,js,2c923a59,Isabella Jiang,2026-04-21,16:33:35,-07:00,2026-04-21T16:33:35-07:00,1,0
index.js,11,js,2c923a59,Isabella Jiang,2026-04-21,16:33:35,-07:00,2026-04-21T16:33:35-07:00,0,0
index.js,12,js,2c923a59,Isabella Jiang,2026-04-21,16:33:35,-07:00,2026-04-21T16:33:35-07:00,0,0
index.js,13,js,2c923a59,Isabella Jiang,2026-04-21,16:33:35,-07:00,2026-04-21T16:33:35-07:00,0,32
index.js,14,js,2c923a59,Isabella Jiang,2026-04-21,16:33:35,-07:00,2026-04-21T16:33:35-07:00,1,50
index.js,15,js,2c923a59,Isabella Jiang,2026-04-21,16:33:35,-07:00,2026-04-21T16:33:35-07:00,1,60
index.js,16,js,2c923a59,Isabella Jiang,2026-04-21,16:33:35,-07:00,2026-04-21T16:33:35-07:00,1,0
index.js,17,js,2c923a59,Isabella Jiang,2026-04-21,16:33:35,-07:00,2026-04-21T16:33:35-07:00,1,31
index.js,18,js,2c923a59,Isabella Jiang,2026-04-21,16:33:35,-07:00,2026-04-21T16:33:35-07:00,2,24
index.js,19,js,2c923a59,Isabella Jiang,2026-04-21,16:33:35,-07:00,2026-04-21T16:33:35-07:00,3,27
index.js,20,js,2c923a59,Isabella Jiang,2026-04-21,16:33:35,-07:00,2026-04-21T16:33:35-07:00,3,2
index.js,21,js,2c923a59,Isabella Jiang,2026-04-21,16:33:35,-07:00,2026-04-21T16:33:35-07:00,4,55
index.js,22,js,2c923a59,Isabella Jiang,2026-04-21,16:33:35,-07:00,2026-04-21T16:33:35-07:00,4,55
index.js,23,js,2c923a59,Isabella Jiang,2026-04-21,16:33:35,-07:00,2026-04-21T16:33:35-07:00,4,49
index.js,24,js,2c923a59,Isabella Jiang,2026-04-21,16:33:35,-07:00,2026-04-21T16:33:35-07:00,4,49
index.js,25,js,2c923a59,Isabella Jiang,2026-04-21,16:33:35,-07:00,2026-04-21T16:33:35-07:00,3,3
index.js,26,js,2c923a59,Isabella Jiang,2026-04-21,16:33:35,-07:00,2026-04-21T16:33:35-07:00,2,0
index.js,27,js,2c923a59,Isabella Jiang,2026-04-21,16:33:35,-07:00,2026-04-21T16:33:35-07:00,1,0
index.js,28,js,2c923a59,Isabella Jiang,2026-04-21,16:33:35,-07:00,2026-04-21T16:33:35-07:00,0,0
index.js,29,js,2c923a59,Isabella Jiang,2026-04-21,16:33:35,-07:00,2026-04-21T16:33:35-07:00,0,0
index.js,30,js,2c923a59,Isabella Jiang,2026-04-21,16:33:35,-07:00,2026-04-21T16:33:35-07:00,0,19
index.js,31,js,2c923a59,Isabella Jiang,2026-04-21,16:33:35,-07:00,2026-04-21T16:33:35-07:00,0,16
index.html,1,html,d6184dd6,Isabella Jiang,2026-04-01,19:31:49,-07:00,2026-04-01T19:31:49-07:00,0,13
index.html,2,html,d6184dd6,Isabella Jiang,2026-04-01,19:31:49,-07:00,2026-04-01T19:31:49-07:00,0,14
index.html,3,html,d6184dd6,Isabella Jiang,2026-04-01,19:31:49,-07:00,2026-04-01T19:31:49-07:00,0,4
index.html,4,html,d6184dd6,Isabella Jiang,2026-04-01,19:31:49,-07:00,2026-04-01T19:31:49-07:00,2,20
index.html,5,html,d6184dd6,Isabella Jiang,2026-04-01,19:31:49,-07:00,2026-04-01T19:31:49-07:00,2,68
index.html,6,html,d6184dd6,Isabella Jiang,2026-04-01,19:31:49,-07:00,2026-04-01T19:31:49-07:00,2,56
index.html,7,html,c750bf50,Isabella Jiang,2026-04-01,19:45:45,-07:00,2026-04-01T19:45:45-07:00,2,38
index.html,8,html,6f77a711,Isabella Jiang,2026-04-14,14:48:35,-07:00,2026-04-14T14:48:35-07:00,2,45
index.html,9,html,2c923a59,Isabella Jiang,2026-04-21,16:33:35,-07:00,2026-04-21T16:33:35-07:00,2,50
index.html,10,html,d6184dd6,Isabella Jiang,2026-04-01,19:31:49,-07:00,2026-04-01T19:31:49-07:00,0,5
index.html,11,html,d6184dd6,Isabella Jiang,2026-04-01,19:31:49,-07:00,2026-04-01T19:31:49-07:00,0,4
index.html,12,html,d6184dd6,Isabella Jiang,2026-04-01,19:31:49,-07:00,2026-04-01T19:31:49-07:00,2,21
index.html,13,html,d6184dd6,Isabella Jiang,2026-04-01,19:31:49,-07:00,2026-04-01T19:31:49-07:00,2,72
index.html,14,html,23b9e5c8,Isabella Jiang,2026-04-01,19:41:53,-07:00,2026-04-01T19:41:53-07:00,0,0
index.html,15,html,9ae4149b,Isabella Jiang,2026-04-01,19:43:13,-07:00,2026-04-01T19:43:13-07:00,2,94
index.html,16,html,2c923a59,Isabella Jiang,2026-04-21,16:33:35,-07:00,2026-04-21T16:33:35-07:00,0,0
index.html,17,html,2c923a59,Isabella Jiang,2026-04-21,16:33:35,-07:00,2026-04-21T16:33:35-07:00,2,22
index.html,18,html,2c923a59,Isabella Jiang,2026-04-21,16:33:35,-07:00,2026-04-21T16:33:35-07:00,2,20
index.html,19,html,2c923a59,Isabella Jiang,2026-04-21,16:33:35,-07:00,2026-04-21T16:33:35-07:00,2,4
index.html,20,html,2c923a59,Isabella Jiang,2026-04-21,16:33:35,-07:00,2026-04-21T16:33:35-07:00,2,0
index.html,21,html,2c923a59,Isabella Jiang,2026-04-21,16:33:35,-07:00,2026-04-21T16:33:35-07:00,2,28
index.html,22,html,2c923a59,Isabella Jiang,2026-04-21,16:33:35,-07:00,2026-04-21T16:33:35-07:00,0,0
index.html,23,html,d6184dd6,Isabella Jiang,2026-04-01,19:31:49,-07:00,2026-04-01T19:31:49-07:00,0,5
index.html,24,html,d6184dd6,Isabella Jiang,2026-04-01,19:31:49,-07:00,2026-04-01T19:31:49-07:00,0,5
global.js,1,js,c55b4223,Isabella Jiang,2026-04-14,14:42:14,-07:00,2026-04-14T14:42:14-07:00,0,25
global.js,2,js,c55b4223,Isabella Jiang,2026-04-14,14:42:14,-07:00,2026-04-14T14:42:14-07:00,0,0
global.js,3,js,c55b4223,Isabella Jiang,2026-04-14,14:42:14,-07:00,2026-04-14T14:42:14-07:00,0,41
global.js,4,js,c55b4223,Isabella Jiang,2026-04-14,14:42:14,-07:00,2026-04-14T14:42:14-07:00,1,52
global.js,5,js,1518ae7c,Isabella Jiang,2026-04-14,14:56:09,-07:00,2026-04-14T14:56:09-07:00,0,0
global.js,6,js,1518ae7c,Isabella Jiang,2026-04-14,14:56:09,-07:00,2026-04-14T14:56:09-07:00,0,0
global.js,7,js,5f417f98,Isabella Jiang,2026-04-14,15:01:53,-07:00,2026-04-14T15:01:53-07:00,0,88
global.js,8,js,5f417f98,Isabella Jiang,2026-04-14,15:01:53,-07:00,2026-04-14T15:01:53-07:00,1,3
global.js,9,js,e685c354,Isabella Jiang,2026-04-14,15:36:24,-07:00,2026-04-14T15:36:24-07:00,1,14
global.js,10,js,5f417f98,Isabella Jiang,2026-04-14,15:01:53,-07:00,2026-04-14T15:01:53-07:00,0,0
global.js,11,js,00000000,Not Committed Yet,2026-05-05,17:49:24,-07:00,2026-05-05T17:49:24-07:00,0,44
global.js,12,js,5f417f98,Isabella Jiang,2026-04-14,15:01:53,-07:00,2026-04-14T15:01:53-07:00,0,11
global.js,13,js,5f417f98,Isabella Jiang,2026-04-14,15:01:53,-07:00,2026-04-14T15:01:53-07:00,1,25
global.js,14,js,5f417f98,Isabella Jiang,2026-04-14,15:01:53,-07:00,2026-04-14T15:01:53-07:00,1,38
global.js,15,js,5f417f98,Isabella Jiang,2026-04-14,15:01:53,-07:00,2026-04-14T15:01:53-07:00,1,36
global.js,16,js,5f417f98,Isabella Jiang,2026-04-14,15:01:53,-07:00,2026-04-14T15:01:53-07:00,1,34
global.js,17,js,00000000,Not Committed Yet,2026-05-05,17:49:24,-07:00,2026-05-05T17:49:24-07:00,1,30
global.js,18,js,5f417f98,Isabella Jiang,2026-04-14,15:01:53,-07:00,2026-04-14T15:01:53-07:00,1,68
global.js,19,js,5f417f98,Isabella Jiang,2026-04-14,15:01:53,-07:00,2026-04-14T15:01:53-07:00,0,0
global.js,20,js,5f417f98,Isabella Jiang,2026-04-14,15:01:53,-07:00,2026-04-14T15:01:53-07:00,0,0
global.js,21,js,00000000,Not Committed Yet,2026-05-05,17:49:24,-07:00,2026-05-05T17:49:24-07:00,0,18
global.js,22,js,5f417f98,Isabella Jiang,2026-04-14,15:01:53,-07:00,2026-04-14T15:01:53-07:00,0,38
global.js,23,js,5f417f98,Isabella Jiang,2026-04-14,15:01:53,-07:00,2026-04-14T15:01:53-07:00,0,25
global.js,24,js,5f417f98,Isabella Jiang,2026-04-14,15:01:53,-07:00,2026-04-14T15:01:53-07:00,0,0
global.js,25,js,5f417f98,Isabella Jiang,2026-04-14,15:01:53,-07:00,2026-04-14T15:01:53-07:00,0,20
global.js,26,js,5f417f98,Isabella Jiang,2026-04-14,15:01:53,-07:00,2026-04-14T15:01:53-07:00,1,14
global.js,27,js,5f417f98,Isabella Jiang,2026-04-14,15:01:53,-07:00,2026-04-14T15:01:53-07:00,1,18
global.js,28,js,5f417f98,Isabella Jiang,2026-04-14,15:01:53,-07:00,2026-04-14T15:01:53-07:00,1,0
global.js,29,js,5f417f98,Isabella Jiang,2026-04-14,15:01:53,-07:00,2026-04-14T15:01:53-07:00,1,28
global.js,30,js,5f417f98,Isabella Jiang,2026-04-14,15:01:53,-07:00,2026-04-14T15:01:53-07:00,2,20
global.js,31,js,5f417f98,Isabella Jiang,2026-04-14,15:01:53,-07:00,2026-04-14T15:01:53-07:00,1,0
global.js,32,js,5f417f98,Isabella Jiang,2026-04-14,15:01:53,-07:00,2026-04-14T15:01:53-07:00,1,0
global.js,33,js,5f417f98,Isabella Jiang,2026-04-14,15:01:53,-07:00,2026-04-14T15:01:53-07:00,1,34
global.js,34,js,5f417f98,Isabella Jiang,2026-04-14,15:01:53,-07:00,2026-04-14T15:01:53-07:00,1,11
global.js,35,js,5f417f98,Isabella Jiang,2026-04-14,15:01:53,-07:00,2026-04-14T15:01:53-07:00,1,20
global.js,36,js,5f417f98,Isabella Jiang,2026-04-14,15:01:53,-07:00,2026-04-14T15:01:53-07:00,1,0
global.js,37,js,5f417f98,Isabella Jiang,2026-04-14,15:01:53,-07:00,2026-04-14T15:01:53-07:00,1,17
global.js,38,js,5f417f98,Isabella Jiang,2026-04-14,15:01:53,-07:00,2026-04-14T15:01:53-07:00,2,8
global.js,39,js,5f417f98,Isabella Jiang,2026-04-14,15:01:53,-07:00,2026-04-14T15:01:53-07:00,2,58
global.js,40,js,5f417f98,Isabella Jiang,2026-04-14,15:01:53,-07:00,2026-04-14T15:01:53-07:00,1,0
global.js,41,js,5f417f98,Isabella Jiang,2026-04-14,15:01:53,-07:00,2026-04-14T15:01:53-07:00,1,0
global.js,42,js,5f417f98,Isabella Jiang,2026-04-14,15:01:53,-07:00,2026-04-14T15:01:53-07:00,1,69
global.js,43,js,5f417f98,Isabella Jiang,2026-04-14,15:01:53,-07:00,2026-04-14T15:01:53-07:00,2,18
global.js,44,js,5f417f98,Isabella Jiang,2026-04-14,15:01:53,-07:00,2026-04-14T15:01:53-07:00,1,0
global.js,45,js,5f417f98,Isabella Jiang,2026-04-14,15:01:53,-07:00,2026-04-14T15:01:53-07:00,1,0
global.js,46,js,5f417f98,Isabella Jiang,2026-04-14,15:01:53,-07:00,2026-04-14T15:01:53-07:00,1,12
global.js,47,js,5dac8f28,Isabella Jiang,2026-04-14,15:07:28,-07:00,2026-04-14T15:07:28-07:00,0,0
global.js,48,js,5dac8f28,Isabella Jiang,2026-04-14,15:07:28,-07:00,2026-04-14T15:07:28-07:00,0,0
global.js,49,js,00000000,Not Committed Yet,2026-05-05,17:49:24,-07:00,2026-05-05T17:49:24-07:00,0,27
global.js,50,js,5dac8f28,Isabella Jiang,2026-04-14,15:07:28,-07:00,2026-04-14T15:07:28-07:00,0,31
global.js,51,js,23e94fe4,Isabella Jiang,2026-04-14,15:12:22,-07:00,2026-04-14T15:12:22-07:00,1,11
global.js,52,js,23e94fe4,Isabella Jiang,2026-04-14,15:12:22,-07:00,2026-04-14T15:12:22-07:00,1,0
global.js,53,js,23e94fe4,Isabella Jiang,2026-04-14,15:12:22,-07:00,2026-04-14T15:12:22-07:00,1,26
global.js,54,js,23e94fe4,Isabella Jiang,2026-04-14,15:12:22,-07:00,2026-04-14T15:12:22-07:00,2,4
global.js,55,js,23e94fe4,Isabella Jiang,2026-04-14,15:12:22,-07:00,2026-04-14T15:12:22-07:00,2,6
global.js,56,js,e685c354,Isabella Jiang,2026-04-14,15:36:24,-07:00,2026-04-14T15:36:24-07:00,3,48
global.js,57,js,e685c354,Isabella Jiang,2026-04-14,15:36:24,-07:00,2026-04-14T15:36:24-07:00,3,45
global.js,58,js,cc819330,Isabella Jiang,2026-04-14,15:40:43,-07:00,2026-04-14T15:40:43-07:00,3,37
global.js,59,js,23e94fe4,Isabella Jiang,2026-04-14,15:12:22,-07:00,2026-04-14T15:12:22-07:00,2,7
global.js,60,js,23e94fe4,Isabella Jiang,2026-04-14,15:12:22,-07:00,2026-04-14T15:12:22-07:00,1,7
global.js,61,js,23e94fe4,Isabella Jiang,2026-04-14,15:12:22,-07:00,2026-04-14T15:12:22-07:00,0,0
global.js,62,js,23e94fe4,Isabella Jiang,2026-04-14,15:12:22,-07:00,2026-04-14T15:12:22-07:00,0,0
global.js,63,js,d607ef7e,Isabella Jiang,2026-04-14,15:48:27,-07:00,2026-04-14T15:48:27-07:00,0,36
global.js,64,js,d607ef7e,Isabella Jiang,2026-04-14,15:48:27,-07:00,2026-04-14T15:48:27-07:00,1,63
global.js,65,js,d607ef7e,Isabella Jiang,2026-04-14,15:48:27,-07:00,2026-04-14T15:48:27-07:00,1,47
global.js,66,js,23e94fe4,Isabella Jiang,2026-04-14,15:12:22,-07:00,2026-04-14T15:12:22-07:00,0,0
global.js,67,js,23e94fe4,Isabella Jiang,2026-04-14,15:12:22,-07:00,2026-04-14T15:12:22-07:00,0,0
global.js,68,js,23e94fe4,Isabella Jiang,2026-04-14,15:12:22,-07:00,2026-04-14T15:12:22-07:00,0,58
global.js,69,js,23e94fe4,Isabella Jiang,2026-04-14,15:12:22,-07:00,2026-04-14T15:12:22-07:00,0,0
global.js,70,js,d607ef7e,Isabella Jiang,2026-04-14,15:48:27,-07:00,2026-04-14T15:48:27-07:00,0,52
global.js,71,js,d607ef7e,Isabella Jiang,2026-04-14,15:48:27,-07:00,2026-04-14T15:48:27-07:00,0,16
global.js,72,js,d607ef7e,Isabella Jiang,2026-04-14,15:48:27,-07:00,2026-04-14T15:48:27-07:00,1,25
global.js,73,js,d607ef7e,Isabella Jiang,2026-04-14,15:48:27,-07:00,2026-04-14T15:48:27-07:00,1,26
global.js,74,js,23e94fe4,Isabella Jiang,2026-04-14,15:12:22,-07:00,2026-04-14T15:12:22-07:00,0,6
global.js,75,js,d607ef7e,Isabella Jiang,2026-04-14,15:48:27,-07:00,2026-04-14T15:48:27-07:00,1,21
global.js,76,js,23e94fe4,Isabella Jiang,2026-04-14,15:12:22,-07:00,2026-04-14T15:12:22-07:00,0,0
global.js,77,js,23e94fe4,Isabella Jiang,2026-04-14,15:12:22,-07:00,2026-04-14T15:12:22-07:00,0,0
global.js,78,js,d607ef7e,Isabella Jiang,2026-04-14,15:48:27,-07:00,2026-04-14T15:48:27-07:00,0,49
global.js,79,js,d607ef7e,Isabella Jiang,2026-04-14,15:48:27,-07:00,2026-04-14T15:48:27-07:00,1,33
global.js,80,js,873a6e66,Isabella Jiang,2026-04-14,17:30:49,-07:00,2026-04-14T17:30:49-07:00,0,1
global.js,81,js,873a6e66,Isabella Jiang,2026-04-14,17:30:49,-07:00,2026-04-14T17:30:49-07:00,0,0
global.js,82,js,00000000,Not Committed Yet,2026-05-05,17:49:24,-07:00,2026-05-05T17:49:24-07:00,0,21
global.js,83,js,873a6e66,Isabella Jiang,2026-04-14,17:30:49,-07:00,2026-04-14T17:30:49-07:00,0,47
global.js,84,js,873a6e66,Isabella Jiang,2026-04-14,17:30:49,-07:00,2026-04-14T17:30:49-07:00,0,55
global.js,85,js,00000000,Not Committed Yet,2026-05-05,17:49:24,-07:00,2026-05-05T17:49:24-07:00,1,21
global.js,86,js,00000000,Not Committed Yet,2026-05-05,17:49:24,-07:00,2026-05-05T17:49:24-07:00,1,35
global.js,87,js,00000000,Not Committed Yet,2026-05-05,17:49:24,-07:00,2026-05-05T17:49:24-07:00,1,14
global.js,88,js,00000000,Not Committed Yet,2026-05-05,17:49:24,-07:00,2026-05-05T17:49:24-07:00,1,31
global.js,89,js,00000000,Not Committed Yet,2026-05-05,17:49:24,-07:00,2026-05-05T17:49:24-07:00,2,50
global.js,90,js,00000000,Not Committed Yet,2026-05-05,17:49:24,-07:00,2026-05-05T17:49:24-07:00,1,0
global.js,91,js,00000000,Not Committed Yet,2026-05-05,17:49:24,-07:00,2026-05-05T17:49:24-07:00,1,52
global.js,92,js,00000000,Not Committed Yet,2026-05-05,17:49:24,-07:00,2026-05-05T17:49:24-07:00,1,18
global.js,93,js,f45c23d1,Isabella Jiang,2026-04-21,16:25:29,-07:00,2026-04-21T16:25:29-07:00,0,1
global.js,94,js,f45c23d1,Isabella Jiang,2026-04-21,16:25:29,-07:00,2026-04-21T16:25:29-07:00,0,0
global.js,95,js,00000000,Not Committed Yet,2026-05-05,17:49:24,-07:00,2026-05-05T17:49:24-07:00,0,17
global.js,96,js,f45c23d1,Isabella Jiang,2026-04-21,16:25:29,-07:00,2026-04-21T16:25:29-07:00,0,36
global.js,97,js,00000000,Not Committed Yet,2026-05-05,17:49:24,-07:00,2026-05-05T17:49:24-07:00,1,3
global.js,98,js,00000000,Not Committed Yet,2026-05-05,17:49:24,-07:00,2026-05-05T17:49:24-07:00,2,32
global.js,99,js,00000000,Not Committed Yet,2026-05-05,17:49:24,-07:00,2026-05-05T17:49:24-07:00,2,17
global.js,100,js,00000000,Not Committed Yet,2026-05-05,17:49:24,-07:00,2026-05-05T17:49:24-07:00,3,57
global.js,101,js,f45c23d1,Isabella Jiang,2026-04-21,16:25:29,-07:00,2026-04-21T16:25:29-07:00,2,0
global.js,102,js,00000000,Not Committed Yet,2026-05-05,17:49:24,-07:00,2026-05-05T17:49:24-07:00,2,33
global.js,103,js,00000000,Not Committed Yet,2026-05-05,17:49:24,-07:00,2026-05-05T17:49:24-07:00,2,10
global.js,104,js,00000000,Not Committed Yet,2026-05-05,17:49:24,-07:00,2026-05-05T17:49:24-07:00,1,15
global.js,105,js,00000000,Not Committed Yet,2026-05-05,17:49:24,-07:00,2026-05-05T17:49:24-07:00,2,59
global.js,106,js,00000000,Not Committed Yet,2026-05-05,17:49:24,-07:00,2026-05-05T17:49:24-07:00,2,8
global.js,107,js,f45c23d1,Isabella Jiang,2026-04-21,16:25:29,-07:00,2026-04-21T16:25:29-07:00,1,0
global.js,108,js,00000000,Not Committed Yet,2026-05-05,17:49:24,-07:00,2026-05-05T17:49:24-07:00,0,0
global.js,109,js,f45c23d1,Isabella Jiang,2026-04-21,16:25:29,-07:00,2026-04-21T16:25:29-07:00,0,0
global.js,110,js,00000000,Not Committed Yet,2026-05-05,17:49:24,-07:00,2026-05-05T17:49:24-07:00,0,79
global.js,111,js,00000000,Not Committed Yet,2026-05-05,17:49:24,-07:00,2026-05-05T17:49:24-07:00,1,28
global.js,112,js,00000000,Not Committed Yet,2026-05-05,17:49:24,-07:00,2026-05-05T17:49:24-07:00,1,30
global.js,113,js,00000000,Not Committed Yet,2026-05-05,17:49:24,-07:00,2026-05-05T17:49:24-07:00,1,29
global.js,114,js,00000000,Not Committed Yet,2026-05-05,17:49:24,-07:00,2026-05-05T17:49:24-07:00,2,48
global.js,115,js,00000000,Not Committed Yet,2026-05-05,17:49:24,-07:00,2026-05-05T17:49:24-07:00,2,19
global.js,116,js,00000000,Not Committed Yet,2026-05-05,17:49:24,-07:00,2026-05-05T17:49:24-07:00,3,49
global.js,117,js,00000000,Not Committed Yet,2026-05-05,17:49:24,-07:00,2026-05-05T17:49:24-07:00,3,49
global.js,118,js,00000000,Not Committed Yet,2026-05-05,17:49:24,-07:00,2026-05-05T17:49:24-07:00,3,45
global.js,119,js,00000000,Not Committed Yet,2026-05-05,17:49:24,-07:00,2026-05-05T17:49:24-07:00,3,27
global.js,120,js,00000000,Not Committed Yet,2026-05-05,17:49:24,-07:00,2026-05-05T17:49:24-07:00,2,0
global.js,121,js,00000000,Not Committed Yet,2026-05-05,17:49:24,-07:00,2026-05-05T17:49:24-07:00,2,36
global.js,122,js,2c923a59,Isabella Jiang,2026-04-21,16:33:35,-07:00,2026-04-21T16:33:35-07:00,1,0
global.js,123,js,00000000,Not Committed Yet,2026-05-05,17:49:24,-07:00,2026-05-05T17:49:24-07:00,0,0
global.js,124,js,00000000,Not Committed Yet,2026-05-05,17:49:24,-07:00,2026-05-05T17:49:24-07:00,0,0
global.js,125,js,00000000,Not Committed Yet,2026-05-05,17:49:24,-07:00,2026-05-05T17:49:24-07:00,0,47
global.js,126,js,00000000,Not Committed Yet,2026-05-05,17:49:24,-07:00,2026-05-05T17:49:24-07:00,1,59
global.js,127,js,00000000,Not Committed Yet,2026-05-05,17:49:24,-07:00,2026-05-05T17:49:24-07:00,0,0
projects/projects.js,1,js,f45c23d1,Isabella Jiang,2026-04-21,16:25:29,-07:00,2026-04-21T16:25:29-07:00,0,55
projects/projects.js,2,js,eb74a544,Isabella Jiang,2026-04-29,13:37:16,-07:00,2026-04-29T13:37:16-07:00,0,63
projects/projects.js,3,js,f45c23d1,Isabella Jiang,2026-04-21,16:25:29,-07:00,2026-04-21T16:25:29-07:00,0,0
projects/projects.js,4,js,40606fc0,Isabella Jiang,2026-04-29,14:22:19,-07:00,2026-04-29T14:22:19-07:00,0,20
projects/projects.js,5,js,40606fc0,Isabella Jiang,2026-04-29,14:22:19,-07:00,2026-04-29T14:22:19-07:00,0,21
projects/projects.js,6,js,40606fc0,Isabella Jiang,2026-04-29,14:22:19,-07:00,2026-04-29T14:22:19-07:00,0,22
projects/projects.js,7,js,40606fc0,Isabella Jiang,2026-04-29,14:22:19,-07:00,2026-04-29T14:22:19-07:00,0,0
projects/projects.js,8,js,f45c23d1,Isabella Jiang,2026-04-21,16:25:29,-07:00,2026-04-21T16:25:29-07:00,0,29
projects/projects.js,9,js,40606fc0,Isabella Jiang,2026-04-29,14:22:19,-07:00,2026-04-29T14:22:19-07:00,2,53
projects/projects.js,10,js,eb74a544,Isabella Jiang,2026-04-29,13:37:16,-07:00,2026-04-29T13:37:16-07:00,2,60
projects/projects.js,11,js,eb74a544,Isabella Jiang,2026-04-29,13:37:16,-07:00,2026-04-29T13:37:16-07:00,2,0
projects/projects.js,12,js,eb74a544,Isabella Jiang,2026-04-29,13:37:16,-07:00,2026-04-29T13:37:16-07:00,2,22
projects/projects.js,13,js,40606fc0,Isabella Jiang,2026-04-29,14:22:19,-07:00,2026-04-29T14:22:19-07:00,4,52
projects/projects.js,14,js,eb74a544,Isabella Jiang,2026-04-29,13:37:16,-07:00,2026-04-29T13:37:16-07:00,2,0
projects/projects.js,15,js,eb74a544,Isabella Jiang,2026-04-29,13:37:16,-07:00,2026-04-29T13:37:16-07:00,2,0
projects/projects.js,16,js,eb74a544,Isabella Jiang,2026-04-29,13:37:16,-07:00,2026-04-29T13:37:16-07:00,2,62
projects/projects.js,17,js,eb74a544,Isabella Jiang,2026-04-29,13:37:16,-07:00,2026-04-29T13:37:16-07:00,2,18
projects/projects.js,18,js,40606fc0,Isabella Jiang,2026-04-29,14:22:19,-07:00,2026-04-29T14:22:19-07:00,4,72
projects/projects.js,19,js,40606fc0,Isabella Jiang,2026-04-29,14:22:19,-07:00,2026-04-29T14:22:19-07:00,2,0
projects/projects.js,20,js,40606fc0,Isabella Jiang,2026-04-29,14:22:19,-07:00,2026-04-29T14:22:19-07:00,2,0
projects/projects.js,21,js,40606fc0,Isabella Jiang,2026-04-29,14:22:19,-07:00,2026-04-29T14:22:19-07:00,2,27
projects/projects.js,22,js,40606fc0,Isabella Jiang,2026-04-29,14:22:19,-07:00,2026-04-29T14:22:19-07:00,2,12
projects/projects.js,23,js,40606fc0,Isabella Jiang,2026-04-29,14:22:19,-07:00,2026-04-29T14:22:19-07:00,0,0
projects/projects.js,24,js,40606fc0,Isabella Jiang,2026-04-29,14:22:19,-07:00,2026-04-29T14:22:19-07:00,0,0
projects/projects.js,25,js,40606fc0,Isabella Jiang,2026-04-29,14:22:19,-07:00,2026-04-29T14:22:19-07:00,0,39
projects/projects.js,26,js,40606fc0,Isabella Jiang,2026-04-29,14:22:19,-07:00,2026-04-29T14:22:19-07:00,2,51
projects/projects.js,27,js,40606fc0,Isabella Jiang,2026-04-29,14:22:19,-07:00,2026-04-29T14:22:19-07:00,4,42
projects/projects.js,28,js,40606fc0,Isabella Jiang,2026-04-29,14:22:19,-07:00,2026-04-29T14:22:19-07:00,4,26
projects/projects.js,29,js,40606fc0,Isabella Jiang,2026-04-29,14:22:19,-07:00,2026-04-29T14:22:19-07:00,4,34
projects/projects.js,30,js,40606fc0,Isabella Jiang,2026-04-29,14:22:19,-07:00,2026-04-29T14:22:19-07:00,4,29
projects/projects.js,31,js,40606fc0,Isabella Jiang,2026-04-29,14:22:19,-07:00,2026-04-29T14:22:19-07:00,4,5
projects/projects.js,32,js,eb74a544,Isabella Jiang,2026-04-29,13:37:16,-07:00,2026-04-29T13:37:16-07:00,2,0
projects/projects.js,33,js,eb74a544,Isabella Jiang,2026-04-29,13:37:16,-07:00,2026-04-29T13:37:16-07:00,2,0
projects/projects.js,34,js,6652bc2c,Isabella Jiang,2026-04-29,14:06:01,-07:00,2026-04-29T14:06:01-07:00,2,26
projects/projects.js,35,js,40606fc0,Isabella Jiang,2026-04-29,14:22:19,-07:00,2026-04-29T14:22:19-07:00,4,13
projects/projects.js,36,js,40606fc0,Isabella Jiang,2026-04-29,14:22:19,-07:00,2026-04-29T14:22:19-07:00,4,14
projects/projects.js,37,js,40606fc0,Isabella Jiang,2026-04-29,14:22:19,-07:00,2026-04-29T14:22:19-07:00,4,11
projects/projects.js,38,js,6652bc2c,Isabella Jiang,2026-04-29,14:06:01,-07:00,2026-04-29T14:06:01-07:00,2,0
projects/projects.js,39,js,eb74a544,Isabella Jiang,2026-04-29,13:37:16,-07:00,2026-04-29T13:37:16-07:00,2,0
projects/projects.js,40,js,6652bc2c,Isabella Jiang,2026-04-29,14:06:01,-07:00,2026-04-29T14:06:01-07:00,2,44
projects/projects.js,41,js,6652bc2c,Isabella Jiang,2026-04-29,14:06:01,-07:00,2026-04-29T14:06:01-07:00,4,35
projects/projects.js,42,js,6652bc2c,Isabella Jiang,2026-04-29,14:06:01,-07:00,2026-04-29T14:06:01-07:00,2,1
projects/projects.js,43,js,6652bc2c,Isabella Jiang,2026-04-29,14:06:01,-07:00,2026-04-29T14:06:01-07:00,2,0
projects/projects.js,44,js,eb567a95,Isabella Jiang,2026-04-30,15:00:17,-07:00,2026-04-30T15:00:17-07:00,2,37
projects/projects.js,45,js,eb567a95,Isabella Jiang,2026-04-30,15:00:17,-07:00,2026-04-30T15:00:17-07:00,2,19
projects/projects.js,46,js,eb567a95,Isabella Jiang,2026-04-30,15:00:17,-07:00,2026-04-30T15:00:17-07:00,4,43
projects/projects.js,47,js,eb567a95,Isabella Jiang,2026-04-30,15:00:17,-07:00,2026-04-30T15:00:17-07:00,2,1
projects/projects.js,48,js,eb567a95,Isabella Jiang,2026-04-30,15:00:17,-07:00,2026-04-30T15:00:17-07:00,2,0
projects/projects.js,49,js,6652bc2c,Isabella Jiang,2026-04-29,14:06:01,-07:00,2026-04-29T14:06:01-07:00,2,48
projects/projects.js,50,js,eb74a544,Isabella Jiang,2026-04-29,13:37:16,-07:00,2026-04-29T13:37:16-07:00,2,57
projects/projects.js,51,js,3dde1955,Isabella Jiang,2026-04-29,13:38:22,-07:00,2026-04-29T13:38:22-07:00,2,0
projects/projects.js,52,js,3dde1955,Isabella Jiang,2026-04-29,13:38:22,-07:00,2026-04-29T13:38:22-07:00,2,31
projects/projects.js,53,js,eb74a544,Isabella Jiang,2026-04-29,13:37:16,-07:00,2026-04-29T13:37:16-07:00,2,45
projects/projects.js,54,js,eb74a544,Isabella Jiang,2026-04-29,13:37:16,-07:00,2026-04-29T13:37:16-07:00,2,0
projects/projects.js,55,js,6652bc2c,Isabella Jiang,2026-04-29,14:06:01,-07:00,2026-04-29T14:06:01-07:00,2,28
projects/projects.js,56,js,40606fc0,Isabella Jiang,2026-04-29,14:22:19,-07:00,2026-04-29T14:22:19-07:00,4,41
projects/projects.js,57,js,40606fc0,Isabella Jiang,2026-04-29,14:22:19,-07:00,2026-04-29T14:22:19-07:00,4,40
projects/projects.js,58,js,6652bc2c,Isabella Jiang,2026-04-29,14:06:01,-07:00,2026-04-29T14:06:01-07:00,2,1
projects/projects.js,59,js,40606fc0,Isabella Jiang,2026-04-29,14:22:19,-07:00,2026-04-29T14:22:19-07:00,2,0
projects/projects.js,60,js,eb74a544,Isabella Jiang,2026-04-29,13:37:16,-07:00,2026-04-29T13:37:16-07:00,2,42
projects/projects.js,61,js,eb74a544,Isabella Jiang,2026-04-29,13:37:16,-07:00,2026-04-29T13:37:16-07:00,2,26
projects/projects.js,62,js,eb74a544,Isabella Jiang,2026-04-29,13:37:16,-07:00,2026-04-29T13:37:16-07:00,2,0
projects/projects.js,63,js,eb74a544,Isabella Jiang,2026-04-29,13:37:16,-07:00,2026-04-29T13:37:16-07:00,2,26
projects/projects.js,64,js,40606fc0,Isabella Jiang,2026-04-29,14:22:19,-07:00,2026-04-29T14:22:19-07:00,4,27
projects/projects.js,65,js,eb74a544,Isabella Jiang,2026-04-29,13:37:16,-07:00,2026-04-29T13:37:16-07:00,4,16
projects/projects.js,66,js,eb74a544,Isabella Jiang,2026-04-29,13:37:16,-07:00,2026-04-29T13:37:16-07:00,6,13
projects/projects.js,67,js,40606fc0,Isabella Jiang,2026-04-29,14:22:19,-07:00,2026-04-29T14:22:19-07:00,6,24
projects/projects.js,68,js,40606fc0,Isabella Jiang,2026-04-29,14:22:19,-07:00,2026-04-29T14:22:19-07:00,6,53
projects/projects.js,69,js,40606fc0,Isabella Jiang,2026-04-29,14:22:19,-07:00,2026-04-29T14:22:19-07:00,6,22
projects/projects.js,70,js,40606fc0,Isabella Jiang,2026-04-29,14:22:19,-07:00,2026-04-29T14:22:19-07:00,6,18
projects/projects.js,71,js,40606fc0,Isabella Jiang,2026-04-29,14:22:19,-07:00,2026-04-29T14:22:19-07:00,8,26
projects/projects.js,72,js,40606fc0,Isabella Jiang,2026-04-29,14:22:19,-07:00,2026-04-29T14:22:19-07:00,10,18
projects/projects.js,73,js,40606fc0,Isabella Jiang,2026-04-29,14:22:19,-07:00,2026-04-29T14:22:19-07:00,8,6
projects/projects.js,74,js,40606fc0,Isabella Jiang,2026-04-29,14:22:19,-07:00,2026-04-29T14:22:19-07:00,10,18
projects/projects.js,75,js,40606fc0,Isabella Jiang,2026-04-29,14:22:19,-07:00,2026-04-29T14:22:19-07:00,8,0
projects/projects.js,76,js,40606fc0,Isabella Jiang,2026-04-29,14:22:19,-07:00,2026-04-29T14:22:19-07:00,8,13
projects/projects.js,77,js,40606fc0,Isabella Jiang,2026-04-29,14:22:19,-07:00,2026-04-29T14:22:19-07:00,8,23
projects/projects.js,78,js,40606fc0,Isabella Jiang,2026-04-29,14:22:19,-07:00,2026-04-29T14:22:19-07:00,6,1
projects/projects.js,79,js,eb74a544,Isabella Jiang,2026-04-29,13:37:16,-07:00,2026-04-29T13:37:16-07:00,2,1
projects/projects.js,80,js,6652bc2c,Isabella Jiang,2026-04-29,14:06:01,-07:00,2026-04-29T14:06:01-07:00,2,0
projects/projects.js,81,js,6652bc2c,Isabella Jiang,2026-04-29,14:06:01,-07:00,2026-04-29T14:06:01-07:00,2,34
projects/projects.js,82,js,6652bc2c,Isabella Jiang,2026-04-29,14:06:01,-07:00,2026-04-29T14:06:01-07:00,2,29
projects/projects.js,83,js,6652bc2c,Isabella Jiang,2026-04-29,14:06:01,-07:00,2026-04-29T14:06:01-07:00,2,0
projects/projects.js,84,js,6652bc2c,Isabella Jiang,2026-04-29,14:06:01,-07:00,2026-04-29T14:06:01-07:00,2,24
projects/projects.js,85,js,40606fc0,Isabella Jiang,2026-04-29,14:22:19,-07:00,2026-04-29T14:22:19-07:00,4,19
projects/projects.js,86,js,6652bc2c,Isabella Jiang,2026-04-29,14:06:01,-07:00,2026-04-29T14:06:01-07:00,4,4
projects/projects.js,87,js,6652bc2c,Isabella Jiang,2026-04-29,14:06:01,-07:00,2026-04-29T14:06:01-07:00,6,11
projects/projects.js,88,js,6652bc2c,Isabella Jiang,2026-04-29,14:06:01,-07:00,2026-04-29T14:06:01-07:00,6,39
projects/projects.js,89,js,40606fc0,Isabella Jiang,2026-04-29,14:22:19,-07:00,2026-04-29T14:22:19-07:00,6,70
projects/projects.js,90,js,40606fc0,Isabella Jiang,2026-04-29,14:22:19,-07:00,2026-04-29T14:22:19-07:00,6,22
projects/projects.js,91,js,40606fc0,Isabella Jiang,2026-04-29,14:22:19,-07:00,2026-04-29T14:22:19-07:00,6,68
projects/projects.js,92,js,40606fc0,Isabella Jiang,2026-04-29,14:22:19,-07:00,2026-04-29T14:22:19-07:00,6,18
projects/projects.js,93,js,40606fc0,Isabella Jiang,2026-04-29,14:22:19,-07:00,2026-04-29T14:22:19-07:00,8,26
projects/projects.js,94,js,40606fc0,Isabella Jiang,2026-04-29,14:22:19,-07:00,2026-04-29T14:22:19-07:00,10,18
projects/projects.js,95,js,40606fc0,Isabella Jiang,2026-04-29,14:22:19,-07:00,2026-04-29T14:22:19-07:00,8,6
projects/projects.js,96,js,40606fc0,Isabella Jiang,2026-04-29,14:22:19,-07:00,2026-04-29T14:22:19-07:00,10,18
projects/projects.js,97,js,40606fc0,Isabella Jiang,2026-04-29,14:22:19,-07:00,2026-04-29T14:22:19-07:00,8,0
projects/projects.js,98,js,40606fc0,Isabella Jiang,2026-04-29,14:22:19,-07:00,2026-04-29T14:22:19-07:00,8,13
projects/projects.js,99,js,40606fc0,Isabella Jiang,2026-04-29,14:22:19,-07:00,2026-04-29T14:22:19-07:00,8,23
projects/projects.js,100,js,40606fc0,Isabella Jiang,2026-04-29,14:22:19,-07:00,2026-04-29T14:22:19-07:00,6,1
projects/projects.js,101,js,40606fc0,Isabella Jiang,2026-04-29,14:22:19,-07:00,2026-04-29T14:22:19-07:00,2,1
projects/projects.js,102,js,40606fc0,Isabella Jiang,2026-04-29,14:22:19,-07:00,2026-04-29T14:22:19-07:00,0,0
projects/projects.js,103,js,40606fc0,Isabella Jiang,2026-04-29,14:22:19,-07:00,2026-04-29T14:22:19-07:00,0,0
projects/projects.js,104,js,40606fc0,Isabella Jiang,2026-04-29,14:22:19,-07:00,2026-04-29T14:22:19-07:00,0,33
projects/projects.js,105,js,40606fc0,Isabella Jiang,2026-04-29,14:22:19,-07:00,2026-04-29T14:22:19-07:00,2,42
projects/projects.js,106,js,40606fc0,Isabella Jiang,2026-04-29,14:22:19,-07:00,2026-04-29T14:22:19-07:00,2,46
projects/projects.js,107,js,40606fc0,Isabella Jiang,2026-04-29,14:22:19,-07:00,2026-04-29T14:22:19-07:00,4,45
projects/projects.js,108,js,40606fc0,Isabella Jiang,2026-04-29,14:22:19,-07:00,2026-04-29T14:22:19-07:00,4,45
projects/projects.js,109,js,40606fc0,Isabella Jiang,2026-04-29,14:22:19,-07:00,2026-04-29T14:22:19-07:00,2,1
projects/projects.js,110,js,40606fc0,Isabella Jiang,2026-04-29,14:22:19,-07:00,2026-04-29T14:22:19-07:00,2,0
projects/projects.js,111,js,40606fc0,Isabella Jiang,2026-04-29,14:22:19,-07:00,2026-04-29T14:22:19-07:00,2,34
projects/projects.js,112,js,40606fc0,Isabella Jiang,2026-04-29,14:22:19,-07:00,2026-04-29T14:22:19-07:00,2,47
projects/projects.js,113,js,40606fc0,Isabella Jiang,2026-04-29,14:22:19,-07:00,2026-04-29T14:22:19-07:00,4,45
projects/projects.js,114,js,40606fc0,Isabella Jiang,2026-04-29,14:22:19,-07:00,2026-04-29T14:22:19-07:00,4,62
projects/projects.js,115,js,40606fc0,Isabella Jiang,2026-04-29,14:22:19,-07:00,2026-04-29T14:22:19-07:00,2,1
projects/projects.js,116,js,40606fc0,Isabella Jiang,2026-04-29,14:22:19,-07:00,2026-04-29T14:22:19-07:00,0,0
projects/projects.js,117,js,40606fc0,Isabella Jiang,2026-04-29,14:22:19,-07:00,2026-04-29T14:22:19-07:00,0,0
projects/projects.js,118,js,40606fc0,Isabella Jiang,2026-04-29,14:22:19,-07:00,2026-04-29T14:22:19-07:00,0,23
projects/projects.js,119,js,40606fc0,Isabella Jiang,2026-04-29,14:22:19,-07:00,2026-04-29T14:22:19-07:00,2,39
projects/projects.js,120,js,40606fc0,Isabella Jiang,2026-04-29,14:22:19,-07:00,2026-04-29T14:22:19-07:00,2,0
projects/projects.js,121,js,40606fc0,Isabella Jiang,2026-04-29,14:22:19,-07:00,2026-04-29T14:22:19-07:00,2,69
projects/projects.js,122,js,40606fc0,Isabella Jiang,2026-04-29,14:22:19,-07:00,2026-04-29T14:22:19-07:00,2,16
projects/projects.js,123,js,40606fc0,Isabella Jiang,2026-04-29,14:22:19,-07:00,2026-04-29T14:22:19-07:00,4,53
projects/projects.js,124,js,40606fc0,Isabella Jiang,2026-04-29,14:22:19,-07:00,2026-04-29T14:22:19-07:00,6,66
projects/projects.js,125,js,40606fc0,Isabella Jiang,2026-04-29,14:22:19,-07:00,2026-04-29T14:22:19-07:00,6,42
projects/projects.js,126,js,40606fc0,Isabella Jiang,2026-04-29,14:22:19,-07:00,2026-04-29T14:22:19-07:00,4,1
projects/projects.js,127,js,40606fc0,Isabella Jiang,2026-04-29,14:22:19,-07:00,2026-04-29T14:22:19-07:00,2,0
projects/projects.js,128,js,40606fc0,Isabella Jiang,2026-04-29,14:22:19,-07:00,2026-04-29T14:22:19-07:00,2,0
projects/projects.js,129,js,40606fc0,Isabella Jiang,2026-04-29,14:22:19,-07:00,2026-04-29T14:22:19-07:00,2,17
projects/projects.js,130,js,40606fc0,Isabella Jiang,2026-04-29,14:22:19,-07:00,2026-04-29T14:22:19-07:00,4,83
projects/projects.js,131,js,40606fc0,Isabella Jiang,2026-04-29,14:22:19,-07:00,2026-04-29T14:22:19-07:00,2,0
projects/projects.js,132,js,40606fc0,Isabella Jiang,2026-04-29,14:22:19,-07:00,2026-04-29T14:22:19-07:00,2,0
projects/projects.js,133,js,40606fc0,Isabella Jiang,2026-04-29,14:22:19,-07:00,2026-04-29T14:22:19-07:00,2,62
projects/projects.js,134,js,40606fc0,Isabella Jiang,2026-04-29,14:22:19,-07:00,2026-04-29T14:22:19-07:00,2,18
projects/projects.js,135,js,40606fc0,Isabella Jiang,2026-04-29,14:22:19,-07:00,2026-04-29T14:22:19-07:00,4,76
projects/projects.js,136,js,40606fc0,Isabella Jiang,2026-04-29,14:22:19,-07:00,2026-04-29T14:22:19-07:00,2,0
projects/projects.js,137,js,40606fc0,Isabella Jiang,2026-04-29,14:22:19,-07:00,2026-04-29T14:22:19-07:00,2,0
projects/projects.js,138,js,40606fc0,Isabella Jiang,2026-04-29,14:22:19,-07:00,2026-04-29T14:22:19-07:00,2,60
projects/projects.js,139,js,40606fc0,Isabella Jiang,2026-04-29,14:22:19,-07:00,2026-04-29T14:22:19-07:00,2,22
projects/projects.js,140,js,40606fc0,Isabella Jiang,2026-04-29,14:22:19,-07:00,2026-04-29T14:22:19-07:00,4,56
projects/projects.js,141,js,40606fc0,Isabella Jiang,2026-04-29,14:22:19,-07:00,2026-04-29T14:22:19-07:00,2,0
projects/projects.js,142,js,40606fc0,Isabella Jiang,2026-04-29,14:22:19,-07:00,2026-04-29T14:22:19-07:00,2,0
projects/projects.js,143,js,40606fc0,Isabella Jiang,2026-04-29,14:22:19,-07:00,2026-04-29T14:22:19-07:00,2,31
projects/projects.js,144,js,40606fc0,Isabella Jiang,2026-04-29,14:22:19,-07:00,2026-04-29T14:22:19-07:00,0,0
projects/projects.js,145,js,40606fc0,Isabella Jiang,2026-04-29,14:22:19,-07:00,2026-04-29T14:22:19-07:00,0,0
projects/projects.js,146,js,40606fc0,Isabella Jiang,2026-04-29,14:22:19,-07:00,2026-04-29T14:22:19-07:00,0,22
projects/projects.js,147,js,40606fc0,Isabella Jiang,2026-04-29,14:22:19,-07:00,2026-04-29T14:22:19-07:00,2,49
projects/projects.js,148,js,40606fc0,Isabella Jiang,2026-04-29,14:22:19,-07:00,2026-04-29T14:22:19-07:00,2,23
projects/projects.js,149,js,40606fc0,Isabella Jiang,2026-04-29,14:22:19,-07:00,2026-04-29T14:22:19-07:00,2,0
projects/projects.js,150,js,40606fc0,Isabella Jiang,2026-04-29,14:22:19,-07:00,2026-04-29T14:22:19-07:00,2,48
projects/projects.js,151,js,40606fc0,Isabella Jiang,2026-04-29,14:22:19,-07:00,2026-04-29T14:22:19-07:00,4,13
projects/projects.js,152,js,40606fc0,Isabella Jiang,2026-04-29,14:22:19,-07:00,2026-04-29T14:22:19-07:00,4,23
projects/projects.js,153,js,6652bc2c,Isabella Jiang,2026-04-29,14:06:01,-07:00,2026-04-29T14:06:01-07:00,2,1
projects/projects.js,154,js,f45c23d1,Isabella Jiang,2026-04-21,16:25:29,-07:00,2026-04-21T16:25:29-07:00,0,0
projects/projects.js,155,js,f45c23d1,Isabella Jiang,2026-04-21,16:25:29,-07:00,2026-04-21T16:25:29-07:00,0,0
projects/projects.js,156,js,f45c23d1,Isabella Jiang,2026-04-21,16:25:29,-07:00,2026-04-21T16:25:29-07:00,0,13
projects/index.html,1,html,175ddfce,Isabella Jiang,2026-04-01,19:50:54,-07:00,2026-04-01T19:50:54-07:00,0,13
projects/index.html,2,html,175ddfce,Isabella Jiang,2026-04-01,19:50:54,-07:00,2026-04-01T19:50:54-07:00,0,14
projects/index.html,3,html,175ddfce,Isabella Jiang,2026-04-01,19:50:54,-07:00,2026-04-01T19:50:54-07:00,0,4
projects/index.html,4,html,175ddfce,Isabella Jiang,2026-04-01,19:50:54,-07:00,2026-04-01T19:50:54-07:00,2,20
projects/index.html,5,html,175ddfce,Isabella Jiang,2026-04-01,19:50:54,-07:00,2026-04-01T19:50:54-07:00,2,68
projects/index.html,6,html,175ddfce,Isabella Jiang,2026-04-01,19:50:54,-07:00,2026-04-01T19:50:54-07:00,2,37
projects/index.html,7,html,175ddfce,Isabella Jiang,2026-04-01,19:50:54,-07:00,2026-04-01T19:50:54-07:00,2,41
projects/index.html,8,html,6374c911,Isabella Jiang,2026-04-14,14:50:19,-07:00,2026-04-14T14:50:19-07:00,2,48
projects/index.html,9,html,f45c23d1,Isabella Jiang,2026-04-21,16:25:29,-07:00,2026-04-21T16:25:29-07:00,2,47
projects/index.html,10,html,175ddfce,Isabella Jiang,2026-04-01,19:50:54,-07:00,2026-04-01T19:50:54-07:00,0,5
projects/index.html,11,html,175ddfce,Isabella Jiang,2026-04-01,19:50:54,-07:00,2026-04-01T19:50:54-07:00,0,4
projects/index.html,12,html,175ddfce,Isabella Jiang,2026-04-01,19:50:54,-07:00,2026-04-01T19:50:54-07:00,2,0
projects/index.html,13,html,f45c23d1,Isabella Jiang,2026-04-21,16:25:29,-07:00,2026-04-21T16:25:29-07:00,2,41
projects/index.html,14,html,40606fc0,Isabella Jiang,2026-04-29,14:22:19,-07:00,2026-04-29T14:22:19-07:00,2,0
projects/index.html,15,html,6652bc2c,Isabella Jiang,2026-04-29,14:06:01,-07:00,2026-04-29T14:06:01-07:00,2,27
projects/index.html,16,html,6652bc2c,Isabella Jiang,2026-04-29,14:06:01,-07:00,2026-04-29T14:06:01-07:00,4,58
projects/index.html,17,html,6652bc2c,Isabella Jiang,2026-04-29,14:06:01,-07:00,2026-04-29T14:06:01-07:00,4,22
projects/index.html,18,html,6652bc2c,Isabella Jiang,2026-04-29,14:06:01,-07:00,2026-04-29T14:06:01-07:00,2,4
projects/index.html,19,html,e5d8d193,Isabella Jiang,2026-04-07,15:06:55,-07:00,2026-04-07T15:06:55-07:00,2,0
projects/index.html,20,html,40606fc0,Isabella Jiang,2026-04-29,14:22:19,-07:00,2026-04-29T14:22:19-07:00,2,102
projects/index.html,21,html,40606fc0,Isabella Jiang,2026-04-29,14:22:19,-07:00,2026-04-29T14:22:19-07:00,2,0
projects/index.html,22,html,40606fc0,Isabella Jiang,2026-04-29,14:22:19,-07:00,2026-04-29T14:22:19-07:00,2,26
projects/index.html,23,html,40606fc0,Isabella Jiang,2026-04-29,14:22:19,-07:00,2026-04-29T14:22:19-07:00,2,0
projects/index.html,24,html,175ddfce,Isabella Jiang,2026-04-01,19:50:54,-07:00,2026-04-01T19:50:54-07:00,0,5
projects/index.html,25,html,175ddfce,Isabella Jiang,2026-04-01,19:50:54,-07:00,2026-04-01T19:50:54-07:00,0,5
contact/index.html,1,html,175ddfce,Isabella Jiang,2026-04-01,19:50:54,-07:00,2026-04-01T19:50:54-07:00,0,13
contact/index.html,2,html,175ddfce,Isabella Jiang,2026-04-01,19:50:54,-07:00,2026-04-01T19:50:54-07:00,0,14
contact/index.html,3,html,175ddfce,Isabella Jiang,2026-04-01,19:50:54,-07:00,2026-04-01T19:50:54-07:00,0,4
contact/index.html,4,html,175ddfce,Isabella Jiang,2026-04-01,19:50:54,-07:00,2026-04-01T19:50:54-07:00,2,20
contact/index.html,5,html,175ddfce,Isabella Jiang,2026-04-01,19:50:54,-07:00,2026-04-01T19:50:54-07:00,2,68
contact/index.html,6,html,175ddfce,Isabella Jiang,2026-04-01,19:50:54,-07:00,2026-04-01T19:50:54-07:00,2,36
contact/index.html,7,html,175ddfce,Isabella Jiang,2026-04-01,19:50:54,-07:00,2026-04-01T19:50:54-07:00,2,41
contact/index.html,8,html,6374c911,Isabella Jiang,2026-04-14,14:50:19,-07:00,2026-04-14T14:50:19-07:00,2,48
contact/index.html,9,html,175ddfce,Isabella Jiang,2026-04-01,19:50:54,-07:00,2026-04-01T19:50:54-07:00,0,5
contact/index.html,10,html,175ddfce,Isabella Jiang,2026-04-01,19:50:54,-07:00,2026-04-01T19:50:54-07:00,0,4
contact/index.html,11,html,175ddfce,Isabella Jiang,2026-04-01,19:50:54,-07:00,2026-04-01T19:50:54-07:00,2,0
contact/index.html,12,html,175ddfce,Isabella Jiang,2026-04-01,19:50:54,-07:00,2026-04-01T19:50:54-07:00,2,17
contact/index.html,13,html,01f40467,Isabella Jiang,2026-04-01,19:56:45,-07:00,2026-04-01T19:56:45-07:00,2,0
contact/index.html,14,html,873a6e66,Isabella Jiang,2026-04-14,17:30:49,-07:00,2026-04-14T17:30:49-07:00,2,37
contact/index.html,15,html,01f40467,Isabella Jiang,2026-04-01,19:56:45,-07:00,2026-04-01T19:56:45-07:00,4,5
contact/index.html,16,html,01f40467,Isabella Jiang,2026-04-01,19:56:45,-07:00,2026-04-01T19:56:45-07:00,6,9
contact/index.html,17,html,01f40467,Isabella Jiang,2026-04-01,19:56:45,-07:00,2026-04-01T19:56:45-07:00,6,31
contact/index.html,18,html,01f40467,Isabella Jiang,2026-04-01,19:56:45,-07:00,2026-04-01T19:56:45-07:00,4,6
contact/index.html,19,html,01f40467,Isabella Jiang,2026-04-01,19:56:45,-07:00,2026-04-01T19:56:45-07:00,4,0
contact/index.html,20,html,01f40467,Isabella Jiang,2026-04-01,19:56:45,-07:00,2026-04-01T19:56:45-07:00,4,5
contact/index.html,21,html,01f40467,Isabella Jiang,2026-04-01,19:56:45,-07:00,2026-04-01T19:56:45-07:00,6,6
contact/index.html,22,html,01f40467,Isabella Jiang,2026-04-01,19:56:45,-07:00,2026-04-01T19:56:45-07:00,6,32
contact/index.html,23,html,01f40467,Isabella Jiang,2026-04-01,19:56:45,-07:00,2026-04-01T19:56:45-07:00,4,6
contact/index.html,24,html,01f40467,Isabella Jiang,2026-04-01,19:56:45,-07:00,2026-04-01T19:56:45-07:00,4,0
contact/index.html,25,html,01f40467,Isabella Jiang,2026-04-01,19:56:45,-07:00,2026-04-01T19:56:45-07:00,4,5
contact/index.html,26,html,01f40467,Isabella Jiang,2026-04-01,19:56:45,-07:00,2026-04-01T19:56:45-07:00,6,6
contact/index.html,27,html,16afce11,Isabella Jiang,2026-04-07,14:57:22,-07:00,2026-04-07T14:57:22-07:00,6,40
contact/index.html,28,html,01f40467,Isabella Jiang,2026-04-01,19:56:45,-07:00,2026-04-01T19:56:45-07:00,4,6
contact/index.html,29,html,01f40467,Isabella Jiang,2026-04-01,19:56:45,-07:00,2026-04-01T19:56:45-07:00,4,0
contact/index.html,30,html,01f40467,Isabella Jiang,2026-04-01,19:56:45,-07:00,2026-04-01T19:56:45-07:00,4,25
contact/index.html,31,html,01f40467,Isabella Jiang,2026-04-01,19:56:45,-07:00,2026-04-01T19:56:45-07:00,2,5
contact/index.html,32,html,175ddfce,Isabella Jiang,2026-04-01,19:50:54,-07:00,2026-04-01T19:50:54-07:00,0,5
contact/index.html,33,html,175ddfce,Isabella Jiang,2026-04-01,19:50:54,-07:00,2026-04-01T19:50:54-07:00,0,5
